t_sec,lat,lon,alt_m,hdg_deg,spd_mps,grc,arc_label,arc,arc_rule
0.06951022148132324,-6.109043121337891,106.66883087158203,1.5294636487960815,248.11477661132812,1.1537247701198794e-05,5,ARC-c,2,Inside Soetta (Class A) → ARC-c
0.6366782188415527,-6.109043121337891,106.66883087158203,1.5294653177261353,248.11477661132812,1.8125252609024756e-05,5,ARC-c,2,Inside Soetta (Class A) → ARC-c
1.2023200988769531,-6.109043121337891,106.66883087158203,1.5294673442840576,248.1147918701172,5.959741883998504e-06,5,ARC-c,2,Inside Soetta (Class A) → ARC-c
1.7643194198608398,-6.109043121337891,106.66883087158203,1.529468059539795,248.1147918701172,6.173581641633064e-05,5,ARC-c,2,Inside Soetta (Class A) → ARC-c
2.3436741828918457,-6.109043121337891,106.66883087158203,1.5294708013534546,248.1147918701172,5.252344271866605e-05,5,ARC-c,2,Inside Soetta (Class A) → ARC-c
2.8992104530334473,-6.109043121337891,106.66883087158203,1.5294710397720337,248.1147918701172,6.738384854543256e-06,5,ARC-c,2,Inside Soetta (Class A) → ARC-c
3.4583466053009033,-6.109043121337891,106.66883087158203,1.5295078754425049,248.11477661132812,0.003933274187147617,5,ARC-c,2,Inside Soetta (Class A) → ARC-c
4.016674995422363,-6.109043121337891,106.66883087158203,1.5298519134521484,248.1146697998047,0.010745037347078323,5,ARC-c,2,Inside Soetta (Class A) → ARC-c
4.588599443435669,-6.109043121337891,106.66883087158203,1.5307307243347168,248.11349487304688,0.15567944943904877,5,ARC-c,2,Inside Soetta (Class A) → ARC-c
5.1596434116363525,-6.109043598175049,106.66883087158203,1.5307257175445557,248.10147094726562,0.6021178960800171,5,ARC-c,2,Inside Soetta (Class A) → ARC-c
5.7380311489105225,-6.10904598236084,106.6688232421875,1.5361285209655762,248.06069946289062,1.9164007902145386,5,ARC-c,2,Inside Soetta (Class A) → ARC-c
6.298481702804565,-6.10905122756958,106.66880798339844,1.5390640497207642,247.96478271484375,4.144423961639404,5,ARC-c,2,Inside Soetta (Class A) → ARC-c
6.869844436645508,-6.109061241149902,106.66878509521484,1.5461302995681763,247.79319763183594,7.339355945587158,5,ARC-c,2,Inside Soetta (Class A) → ARC-c
7.443932294845581,-6.109078884124756,106.66873931884766,1.5492830276489258,247.537109375,11.00570297241211,5,ARC-c,2,Inside Soetta (Class A) → ARC-c
8.016430377960205,-6.109103679656982,106.6686782836914,1.5585745573043823,247.20254516601562,14.818397521972656,5,ARC-c,2,Inside Soetta (Class A) → ARC-c
8.595948934555054,-6.109137058258057,106.6686019897461,1.563010811805725,246.80470275878906,18.75025177001953,5,ARC-c,2,Inside Soetta (Class A) → ARC-c
9.172653436660767,-6.10917854309082,106.66850280761719,1.5621705055236816,246.38104248046875,22.669963836669922,5,ARC-c,2,Inside Soetta (Class A) → ARC-c
9.738818168640137,-6.109227657318115,106.66838836669922,1.5541223287582397,246.00282287597656,26.55016326904297,5,ARC-c,2,Inside Soetta (Class A) → ARC-c
10.302411556243896,-6.109285831451416,106.66825103759766,1.560369610786438,245.75851440429688,30.423336029052734,6,ARC-c,2,Inside Soetta (Class A) → ARC-c
10.860134840011597,-6.109351634979248,106.66810607910156,1.5773506164550781,245.58114624023438,34.246578216552734,6,ARC-c,2,Inside Soetta (Class A) → ARC-c
11.428809404373169,-6.109426975250244,106.66793823242188,1.5673773288726807,245.429443359375,38.162689208984375,6,ARC-c,2,Inside Soetta (Class A) → ARC-c
11.989264249801636,-6.1095099449157715,106.66775512695312,1.5424292087554932,245.54293823242188,42.01294708251953,6,ARC-c,2,Inside Soetta (Class A) → ARC-c
12.548306226730347,-6.109600067138672,106.66755676269531,1.5597032308578491,246.6890869140625,45.851680755615234,6,ARC-c,2,Inside Soetta (Class A) → ARC-c
13.118519306182861,-6.109697341918945,106.66732788085938,1.5612146854400635,248.15232849121094,49.7575798034668,4,ARC-c,2,Inside Soetta (Class A) → ARC-c
13.692446947097778,-6.109798908233643,106.66708374023438,1.5632601976394653,249.78036499023438,53.66960525512695,4,ARC-c,2,Inside Soetta (Class A) → ARC-c
14.275418281555176,-6.109902381896973,106.66681671142578,1.5860058069229126,250.46322631835938,57.66164016723633,6,ARC-c,2,Inside Soetta (Class A) → ARC-c
14.844529628753662,-6.110009670257568,106.6665267944336,1.5554330348968506,250.896240234375,61.56477737426758,6,ARC-c,2,Inside Soetta (Class A) → ARC-c
15.414451599121094,-6.110119342803955,106.66621398925781,1.57119619846344,251.0592498779297,65.4873275756836,6,ARC-c,2,Inside Soetta (Class A) → ARC-c
15.974031686782837,-6.110230922698975,106.6658935546875,1.558005452156067,251.14605712890625,69.3320541381836,6,ARC-c,2,Inside Soetta (Class A) → ARC-c
16.53754687309265,-6.110348224639893,106.66555786132812,1.5806056261062622,251.14169311523438,73.21330261230469,6,ARC-c,2,Inside Soetta (Class A) → ARC-c
17.096657276153564,-6.110470771789551,106.66519927978516,1.6034115552902222,251.11441040039062,77.0568618774414,5,ARC-c,2,Inside Soetta (Class A) → ARC-c
17.657862424850464,-6.110598564147949,106.66482543945312,1.5600981712341309,251.06051635742188,80.91716766357422,5,ARC-c,2,Inside Soetta (Class A) → ARC-c
18.220860719680786,-6.110734462738037,106.66442108154297,1.5887395143508911,250.99716186523438,84.80314636230469,5,ARC-c,2,Inside Soetta (Class A) → ARC-c
18.78494668006897,-6.11087703704834,106.66400146484375,1.6036298274993896,250.93397521972656,88.68065643310547,5,ARC-c,2,Inside Soetta (Class A) → ARC-c
19.35006546974182,-6.111025810241699,106.66356658935547,1.5740182399749756,250.9422607421875,92.51607513427734,3,ARC-c,2,Inside Soetta (Class A) → ARC-c
19.917307138442993,-6.11118221282959,106.6631088256836,1.5778449773788452,250.98516845703125,96.33377838134766,3,ARC-c,2,Inside Soetta (Class A) → ARC-c
20.4902081489563,-6.1113457679748535,106.66263580322266,1.5892548561096191,251.00523376464844,100.16816711425781,3,ARC-c,2,Inside Soetta (Class A) → ARC-c
21.057966470718384,-6.111514568328857,106.66213989257812,1.6269205808639526,251.04071044921875,103.9583740234375,3,ARC-c,2,Inside Soetta (Class A) → ARC-c
21.64093518257141,-6.111688137054443,106.66162872314453,1.6244162321090698,251.06344604492188,107.82504272460938,3,ARC-c,2,Inside Soetta (Class A) → ARC-c
22.21299719810486,-6.111876010894775,106.66107940673828,1.6229264736175537,251.093017578125,111.63121795654297,3,ARC-c,2,Inside Soetta (Class A) → ARC-c
22.77332091331482,-6.112061023712158,106.66053771972656,1.6582762002944946,251.15187072753906,115.35354614257812,3,ARC-c,2,Inside Soetta (Class A) → ARC-c
23.336631298065186,-6.112252235412598,106.65997314453125,1.670687198638916,251.17994689941406,119.08302307128906,3,ARC-c,2,Inside Soetta (Class A) → ARC-c
23.892815828323364,-6.112446308135986,106.6594009399414,1.649297833442688,251.22178649902344,122.75364685058594,3,ARC-c,2,Inside Soetta (Class A) → ARC-c
24.447877407073975,-6.112646102905273,106.6588134765625,1.7244056463241577,251.29493713378906,126.40839385986328,3,ARC-c,2,Inside Soetta (Class A) → ARC-c
25.01572060585022,-6.112856388092041,106.65818786621094,1.3374719619750977,251.72122192382812,130.22506713867188,3,ARC-c,2,Inside Soetta (Class A) → ARC-c
25.57350516319275,-6.113063812255859,106.65756225585938,1.4586683511734009,256.12652587890625,132.6901397705078,3,ARC-c,2,Inside Soetta (Class A) → ARC-c
26.14565873146057,-6.113259315490723,106.65689849853516,5.676908016204834,260.9954528808594,135.13246154785156,4,ARC-c,2,Inside Soetta (Class A) → ARC-c
26.716611862182617,-6.113431453704834,106.6562271118164,15.726584434509277,260.91290283203125,136.73898315429688,3,ARC-c,2,Inside Soetta (Class A) → ARC-c
27.27367401123047,-6.113582134246826,106.65555572509766,29.72098731994629,257.6722412109375,139.1393585205078,3,ARC-c,2,Inside Soetta (Class A) → ARC-c
27.877692461013794,-6.113739013671875,106.65485382080078,44.28705978393555,256.555419921875,142.35000610351562,3,ARC-c,2,Inside Soetta (Class A) → ARC-c
28.44047784805298,-6.113905429840088,106.65411376953125,56.09147262573242,256.9205627441406,145.5862274169922,3,ARC-c,2,Inside Soetta (Class A) → ARC-c
29.00239896774292,-6.114068984985352,106.65339660644531,64.22330474853516,256.8781433105469,149.03749084472656,3,ARC-c,2,Inside Soetta (Class A) → ARC-c
29.56250238418579,-6.114238262176514,106.65264892578125,70.19422149658203,256.68994140625,152.62054443359375,3,ARC-c,2,Inside Soetta (Class A) → ARC-c
30.114807605743408,-6.114411354064941,106.65190124511719,74.75092315673828,256.8629150390625,156.22427368164062,3,ARC-c,2,Inside Soetta (Class A) → ARC-c
30.684875011444092,-6.114595413208008,106.65111541748047,78.37735748291016,257.2604064941406,160.0206298828125,3,ARC-c,2,Inside Soetta (Class A) → ARC-c
31.251086473464966,-6.114779949188232,106.65030670166016,81.03849792480469,257.8314208984375,163.8316650390625,3,ARC-c,2,Inside Soetta (Class A) → ARC-c
31.806177139282227,-6.114959716796875,106.64949035644531,83.208251953125,257.8951416015625,167.65896606445312,5,ARC-c,2,Inside Soetta (Class A) → ARC-c
32.358959436416626,-6.115139007568359,106.64866638183594,85.5972900390625,257.69879150390625,171.5399932861328,6,ARC-c,2,Inside Soetta (Class A) → ARC-c
32.92249035835266,-6.115324974060059,106.64781188964844,88.46168518066406,257.5491943359375,175.52374267578125,6,ARC-c,2,Inside Soetta (Class A) → ARC-c
33.57147669792175,-6.115518569946289,106.64691162109375,91.56109619140625,257.54412841796875,180.057861328125,6,ARC-c,2,Inside Soetta (Class A) → ARC-c
34.138128995895386,-6.11574125289917,106.64588928222656,94.66719055175781,257.6869201660156,184.22824096679688,6,ARC-c,2,Inside Soetta (Class A) → ARC-c
34.69611716270447,-6.115939617156982,106.64497375488281,96.96500396728516,257.8065185546875,188.29159545898438,6,ARC-c,2,Inside Soetta (Class A) → ARC-c
35.27587103843689,-6.116146087646484,106.64401245117188,99.6962890625,257.8312072753906,192.48350524902344,6,ARC-c,2,Inside Soetta (Class A) → ARC-c
35.841166257858276,-6.116356372833252,106.64302825927734,102.96781921386719,257.7403564453125,196.59239196777344,6,ARC-c,2,Inside Soetta (Class A) → ARC-c
36.40490651130676,-6.1165666580200195,106.64204406738281,106.58692169189453,257.6026611328125,200.68228149414062,6,ARC-c,2,Inside Soetta (Class A) → ARC-c
36.97719073295593,-6.116787910461426,106.64102172851562,110.58355712890625,256.9472961425781,204.8383026123047,6,ARC-c,2,Inside Soetta (Class A) → ARC-c
37.53562617301941,-6.1170125007629395,106.64000701904297,114.19841003417969,256.0447692871094,208.96243286132812,6,ARC-c,2,Inside Soetta (Class A) → ARC-c
38.0950493812561,-6.117251873016357,106.63896942138672,117.04186248779297,255.12112426757812,213.16810607910156,6,ARC-c,2,Inside Soetta (Class A) → ARC-c
38.6597626209259,-6.117513179779053,106.63790130615234,118.88056945800781,254.10850524902344,217.48953247070312,3,ARC-c,2,Inside Soetta (Class A) → ARC-c
39.22588086128235,-6.117798328399658,106.6368179321289,119.34159088134766,252.91903686523438,221.9180450439453,3,ARC-c,2,Inside Soetta (Class A) → ARC-c
39.78522610664368,-6.118109703063965,106.63572692871094,118.14399719238281,251.32838439941406,226.39450073242188,4,ARC-c,2,Inside Soetta (Class A) → ARC-c
40.34860301017761,-6.118457794189453,106.6346206665039,115.28550720214844,249.12765502929688,230.93087768554688,6,ARC-c,2,Inside Soetta (Class A) → ARC-c
40.90246510505676,-6.118844032287598,106.6335220336914,111.3261947631836,246.84959411621094,235.3619384765625,7,ARC-c,2,Inside Soetta (Class A) → ARC-c
41.478073596954346,-6.11929988861084,106.63237762451172,106.78096008300781,244.3359375,239.9600372314453,7,ARC-c,2,Inside Soetta (Class A) → ARC-c
42.044456243515015,-6.119805335998535,106.6312484741211,102.58950805664062,241.84222412109375,244.47250366210938,7,ARC-c,2,Inside Soetta (Class A) → ARC-c
42.606250047683716,-6.120364665985107,106.63013458251953,99.18096160888672,239.32492065429688,248.90576171875,6,ARC-c,2,Inside Soetta (Class A) → ARC-c
43.19998097419739,-6.121007442474365,106.62896728515625,96.82734680175781,236.57601928710938,253.5489044189453,6,ARC-c,2,Inside Soetta (Class A) → ARC-c
43.7654492855072,-6.121702671051025,106.62786102294922,96.24510955810547,233.908203125,257.89678955078125,7,ARC-c,2,Inside Soetta (Class A) → ARC-c
44.325804471969604,-6.122456073760986,106.62678527832031,97.70047760009766,231.1684112548828,262.13104248046875,7,ARC-c,2,Inside Soetta (Class A) → ARC-c
44.889792919158936,-6.123267650604248,106.62572479248047,101.63943481445312,228.34503173828125,266.2803039550781,7,ARC-c,2,Inside Soetta (Class A) → ARC-c
45.4507520198822,-6.124144554138184,106.62468719482422,108.54243469238281,225.4011993408203,270.31719970703125,7,ARC-c,2,Inside Soetta (Class A) → ARC-c
46.015467405319214,-6.125093460083008,106.6236801147461,119.05378723144531,222.23486328125,274.2679443359375,7,ARC-c,2,Inside Soetta (Class A) → ARC-c
46.58991265296936,-6.1261186599731445,106.6227035522461,133.65274047851562,219.0064239501953,278.1813049316406,7,ARC-c,2,Inside Soetta (Class A) → ARC-c
47.15062665939331,-6.127195358276367,106.62179565429688,151.91123962402344,215.65663146972656,281.83233642578125,7,ARC-c,2,Inside Soetta (Class A) → ARC-c
47.72319746017456,-6.128353595733643,106.62092590332031,174.74404907226562,211.64718627929688,285.35772705078125,7,ARC-c,2,Inside Soetta (Class A) → ARC-c
48.285311460494995,-6.129549026489258,106.62014770507812,198.9492645263672,208.13519287109375,288.9186096191406,7,ARC-c,2,Inside Soetta (Class A) → ARC-c
48.85330772399902,-6.130826950073242,106.61941528320312,221.9519500732422,204.47579956054688,292.6143493652344,7,ARC-c,2,Inside Soetta (Class A) → ARC-c
49.404927492141724,-6.132133483886719,106.61878967285156,241.85963439941406,199.9005889892578,296.1489562988281,6,ARC-c,2,Inside Soetta (Class A) → ARC-c
49.9615683555603,-6.1335015296936035,106.6182632446289,258.7060852050781,194.9007568359375,299.6142578125,7,ARC-c,2,Inside Soetta (Class A) → ARC-c
50.5161657333374,-6.13494873046875,106.61784362792969,272.4859924316406,189.91519165039062,303.12408447265625,6,ARC-c,2,Inside Soetta (Class A) → ARC-c
51.08443307876587,-6.136474132537842,106.6175537109375,283.8780822753906,184.8866729736328,306.8145446777344,6,ARC-c,2,Inside Soetta (Class A) → ARC-c
51.63754725456238,-6.137977123260498,106.61740112304688,294.14617919921875,179.60986328125,310.1780090332031,6,ARC-c,2,Inside Soetta (Class A) → ARC-c
52.19403862953186,-6.139549732208252,106.61738586425781,305.4889831542969,174.37852478027344,313.37493896484375,6,ARC-c,2,Inside Soetta (Class A) → ARC-c
52.76963710784912,-6.141167640686035,106.61752319335938,318.2739562988281,169.2030487060547,316.6358337402344,7,ARC-c,2,Inside Soetta (Class A) → ARC-c
53.338196992874146,-6.142763137817383,106.61781311035156,331.41900634765625,163.80850219726562,319.66973876953125,6,ARC-c,2,Inside Soetta (Class A) → ARC-c
53.8997220993042,-6.144311428070068,106.61824798583984,344.3789367675781,158.36912536621094,322.4051208496094,7,ARC-c,2,Inside Soetta (Class A) → ARC-c
54.46485161781311,-6.145843505859375,106.61883544921875,357.09869384765625,152.86764526367188,324.9601745605469,6,ARC-c,2,Inside Soetta (Class A) → ARC-c
55.03169846534729,-6.147304534912109,106.61956787109375,368.7796936035156,147.3572998046875,327.3262023925781,7,ARC-c,2,Inside Soetta (Class A) → ARC-c
55.59435057640076,-6.1487274169921875,106.6204605102539,379.2886047363281,141.80239868164062,329.4462585449219,7,ARC-c,2,Inside Soetta (Class A) → ARC-c
56.15794587135315,-6.1500630378723145,106.6214828491211,388.80859375,142.34938049316406,331.22222900390625,7,ARC-c,2,Inside Soetta (Class A) → ARC-c
56.727747678756714,-6.151390552520752,106.62254333496094,398.6649475097656,140.62600708007812,334.6028747558594,7,ARC-c,2,Inside Soetta (Class A) → ARC-c
57.302135944366455,-6.152721881866455,106.62364196777344,417.18328857421875,139.08216857910156,336.0734558105469,7,ARC-c,2,Inside Soetta (Class A) → ARC-c
57.87203574180603,-6.15401029586792,106.624755859375,450.00506591796875,137.9176483154297,337.1736145019531,7,ARC-c,2,Inside Soetta (Class A) → ARC-c
58.43744683265686,-6.155255317687988,106.6258773803711,494.30523681640625,136.92860412597656,338.3031005859375,7,ARC-c,2,Inside Soetta (Class A) → ARC-c
58.999754905700684,-6.156462669372559,106.62700653076172,547.2742919921875,136.62353515625,339.7066650390625,7,ARC-c,2,Inside Soetta (Class A) → ARC-c
59.575631618499756,-6.157684803009033,106.62815856933594,603.2762451171875,136.41610717773438,341.4869079589844,7,ARC-c,2,Inside Soetta (Class A) → ARC-c
60.14780259132385,-6.158905029296875,106.62932586669922,658.805419921875,136.39407348632812,343.12188720703125,7,ARC-c,2,Inside Soetta (Class A) → ARC-c
60.70544719696045,-6.1601104736328125,106.63047790527344,711.4835205078125,136.41543579101562,344.6793212890625,7,ARC-c,2,Inside Soetta (Class A) → ARC-c
61.27409029006958,-6.161316394805908,106.63162994384766,762.08935546875,136.37960815429688,346.2325744628906,7,ARC-c,2,Inside Soetta (Class A) → ARC-c
61.83147740364075,-6.162567138671875,106.63282775878906,808.8245849609375,136.43849182128906,347.7186584472656,7,ARC-c,2,Inside Soetta (Class A) → ARC-c
62.38163709640503,-6.163788795471191,106.63399505615234,850.7850952148438,136.66729736328125,349.0870056152344,7,ARC-c,2,Inside Soetta (Class A) → ARC-c
62.94909310340881,-6.165058612823486,106.63520050048828,887.1484375,136.76304626464844,350.4688415527344,7,ARC-c,2,Inside Soetta (Class A) → ARC-c
63.51760911941528,-6.166345119476318,106.63642120361328,915.6028442382812,136.71234130859375,351.85186767578125,7,ARC-c,2,Inside Soetta (Class A) → ARC-c
64.08457446098328,-6.167639255523682,106.63764953613281,934.7493896484375,136.4775848388672,353.4202880859375,5,ARC-c,2,Inside Soetta (Class A) → ARC-c
64.65253853797913,-6.168970108032227,106.63890075683594,945.1423950195312,136.65841674804688,355.130859375,7,ARC-c,2,Inside Soetta (Class A) → ARC-c
65.21395421028137,-6.1702680587768555,106.64012908935547,946.3214111328125,136.73309326171875,357.00152587890625,7,ARC-c,2,Inside Soetta (Class A) → ARC-c
65.78370594978333,-6.171602725982666,106.64139556884766,940.2625732421875,136.68426513671875,359.21038818359375,7,ARC-c,2,Inside Soetta (Class A) → ARC-c
66.35796880722046,-6.172956466674805,106.6426773071289,928.6043090820312,136.57350158691406,361.4248046875,7,ARC-c,2,500 ft < OPS < FL600 in Uncontrolled Airspace → ARC-c
66.91568946838379,-6.174279689788818,106.64392852783203,911.6206665039062,136.6567840576172,363.6872863769531,6,ARC-c,2,500 ft < OPS < FL600 in Uncontrolled Airspace → ARC-c
67.47749352455139,-6.1756062507629395,106.64517974853516,890.6137084960938,136.67596435546875,366.02984619140625,7,ARC-c,2,500 ft < OPS < FL600 in Uncontrolled Airspace → ARC-c
68.0576753616333,-6.176957607269287,106.6464614868164,864.788330078125,136.6524200439453,368.4915466308594,7,ARC-c,2,500 ft < OPS < FL600 in Uncontrolled Airspace → ARC-c
68.61898756027222,-6.1783270835876465,106.64775848388672,836.354248046875,136.6221466064453,370.92742919921875,7,ARC-c,2,500 ft < OPS < FL600 in Uncontrolled Airspace → ARC-c
69.18184804916382,-6.179692268371582,106.64905548095703,804.8729248046875,136.59683227539062,373.4082336425781,6,ARC-c,2,500 ft < OPS < FL600 in Uncontrolled Airspace → ARC-c
69.74508023262024,-6.181051731109619,106.65034484863281,770.60498046875,136.5824432373047,375.9162902832031,6,ARC-c,2,500 ft < OPS < FL600 in Uncontrolled Airspace → ARC-c
70.31480240821838,-6.182429790496826,106.65164947509766,732.3930053710938,136.56069946289062,378.50994873046875,6,ARC-c,2,500 ft < OPS < FL600 in Uncontrolled Airspace → ARC-c
70.88483667373657,-6.183815956115723,106.65296936035156,690.5703735351562,136.53961181640625,381.14813232421875,7,ARC-c,2,500 ft < OPS < FL600 in Uncontrolled Airspace → ARC-c
71.45299768447876,-6.185206890106201,106.65428924560547,645.2134399414062,136.5186309814453,383.8240661621094,7,ARC-c,2,500 ft < OPS < FL600 in Uncontrolled Airspace → ARC-c
72.02557516098022,-6.186605453491211,106.6556167602539,596.4072265625,136.49191284179688,386.5502624511719,7,ARC-c,2,500 ft < OPS < FL600 in Uncontrolled Airspace → ARC-c
72.5890645980835,-6.187985897064209,106.65693664550781,545.8948364257812,136.48728942871094,389.2362976074219,7,ARC-c,2,500 ft < OPS < FL600 in Uncontrolled Airspace → ARC-c
73.15900421142578,-6.189400672912598,106.65827941894531,492.4573974609375,136.52098083496094,391.9272766113281,7,ARC-c,2,500 ft < OPS < FL600 in Uncontrolled Airspace → ARC-c
73.72325825691223,-6.190810680389404,106.65962219238281,440.89361572265625,136.6947021484375,394.32269287109375,7,ARC-c,2,500 ft < OPS < FL600 in Uncontrolled Airspace → ARC-c
74.28289365768433,-6.19223165512085,106.66096496582031,397.16058349609375,136.91244506835938,396.1223449707031,7,ARC-c,2,500 ft < OPS < FL600 in Uncontrolled Airspace → ARC-c
74.84565901756287,-6.193678379058838,106.66232299804688,360.5483703613281,136.06829833984375,397.81951904296875,7,ARC-c,2,500 ft < OPS < FL600 in Uncontrolled Airspace → ARC-c
75.41027474403381,-6.195124626159668,106.66370391845703,326.11895751953125,136.1250457763672,399.8255615234375,7,ARC-c,2,500 ft < OPS < FL600 in Uncontrolled Airspace → ARC-c
75.98708128929138,-6.19659423828125,106.66513061523438,293.277587890625,135.7079315185547,401.6973571777344,7,ARC-c,2,500 ft < OPS < FL600 in Uncontrolled Airspace → ARC-c
76.54627704620361,-6.198021411895752,106.66653442382812,265.25457763671875,135.421142578125,403.3353271484375,7,ARC-c,2,500 ft < OPS < FL600 in Uncontrolled Airspace → ARC-c
77.10533809661865,-6.199406623840332,106.66790771484375,242.18606567382812,135.17526245117188,404.8384094238281,3,ARC-c,2,500 ft < OPS < FL600 in Uncontrolled Airspace → ARC-c
77.68111991882324,-6.200850963592529,106.66934967041016,222.42974853515625,134.9536590576172,406.2152404785156,6,ARC-c,2,500 ft < OPS < FL600 in Uncontrolled Airspace → ARC-c
78.23674273490906,-6.202324390411377,106.67083740234375,210.43096923828125,134.85708618164062,406.97369384765625,6,ARC-c,2,500 ft < OPS < FL600 in Uncontrolled Airspace → ARC-c
78.7899444103241,-6.203745365142822,106.67227172851562,207.01089477539062,134.60382080078125,407.96856689453125,3,ARC-c,2,500 ft < OPS < FL600 in Uncontrolled Airspace → ARC-c
79.3619737625122,-6.205222129821777,106.67377471923828,204.7289581298828,134.45716857910156,409.0997009277344,6,ARC-c,2,500 ft < OPS < FL600 in Uncontrolled Airspace → ARC-c
79.93038582801819,-6.206691741943359,106.6752700805664,202.4344940185547,134.28208923339844,410.2566223144531,7,ARC-c,2,500 ft < OPS < FL600 in Uncontrolled Airspace → ARC-c
80.50331401824951,-6.208171844482422,106.67679595947266,199.60870361328125,134.08364868164062,411.44891357421875,3,ARC-c,2,500 ft < OPS < FL600 in Uncontrolled Airspace → ARC-c
81.07127857208252,-6.209630966186523,106.67830657958984,195.31822204589844,134.08624267578125,412.7425842285156,6,ARC-c,2,500 ft < OPS < FL600 in Uncontrolled Airspace → ARC-c
81.64399027824402,-6.211079120635986,106.67980194091797,188.63262939453125,134.07809448242188,414.1205139160156,7,ARC-c,2,500 ft < OPS < FL600 in Uncontrolled Airspace → ARC-c
82.20325016975403,-6.2125563621521,106.68133544921875,178.34495544433594,134.11328125,415.55682373046875,7,ARC-c,2,500 ft < OPS < FL600 in Uncontrolled Airspace → ARC-c
82.78608846664429,-6.214077472686768,106.68291473388672,163.52687072753906,134.1640625,417.169921875,7,ARC-c,2,500 ft < OPS < FL600 in Uncontrolled Airspace → ARC-c
83.3450391292572,-6.215533256530762,106.68441009521484,144.72998046875,134.3568115234375,418.78790283203125,7,ARC-c,2,OPS ≤ 500 ft AND Controlled or Urban → ARC-c
83.91465401649475,-6.2170329093933105,106.68595123291016,120.01301574707031,134.24046325683594,420.6061706542969,7,ARC-c,2,OPS ≤ 500 ft AND Controlled or Urban → ARC-c
84.48088502883911,-6.218510627746582,106.6874771118164,93.89531707763672,134.1005096435547,422.4349670410156,7,ARC-c,2,OPS ≤ 500 ft AND Controlled or Urban → ARC-c
85.06158256530762,-6.220019340515137,106.68904113769531,68.35148620605469,133.9186553955078,424.2514343261719,7,ARC-c,2,OPS ≤ 500 ft AND Controlled or Urban → ARC-c
85.65568280220032,-6.221510410308838,106.69063568115234,45.66758728027344,133.45652770996094,425.5592956542969,7,ARC-c,2,OPS ≤ 500 ft AND Controlled or Urban → ARC-c
86.21635389328003,-6.223082542419434,106.69227600097656,34.7877082824707,133.30226135253906,426.2330322265625,7,ARC-c,2,OPS ≤ 500 ft AND Controlled or Urban → ARC-c
86.87439894676208,-6.224570274353027,106.69400024414062,30.66403579711914,133.10012817382812,427.7408752441406,7,ARC-c,2,OPS ≤ 500 ft AND Controlled or Urban → ARC-c
87.44491195678711,-6.226317882537842,106.69573211669922,28.68922233581543,132.98716735839844,429.0367431640625,5,ARC-b,1,OPS ≤ 500 ft in Uncontrolled Rural Area → ARC-b
88.01106762886047,-6.227803707122803,106.69733428955078,28.443618774414062,132.8704376220703,430.28326416015625,7,ARC-c,2,OPS ≤ 500 ft AND Controlled or Urban → ARC-c
88.57810187339783,-6.229297161102295,106.6989517211914,29.839397430419922,132.75111389160156,431.49456787109375,7,ARC-c,2,OPS ≤ 500 ft AND Controlled or Urban → ARC-c
89.13829970359802,-6.2307820320129395,106.70055389404297,32.922218322753906,132.6373291015625,432.64886474609375,7,ARC-c,2,OPS ≤ 500 ft AND Controlled or Urban → ARC-c
89.69258880615234,-6.23224401473999,106.7021484375,37.627357482910156,132.52288818359375,433.75970458984375,7,ARC-c,2,OPS ≤ 500 ft AND Controlled or Urban → ARC-c
90.26932287216187,-6.233710289001465,106.7037582397461,43.969696044921875,132.40744018554688,434.8818664550781,7,ARC-c,2,OPS ≤ 500 ft AND Controlled or Urban → ARC-c
90.83157992362976,-6.2352519035339355,106.7054443359375,52.22108840942383,132.28457641601562,435.9392395019531,7,ARC-c,2,OPS ≤ 500 ft AND Controlled or Urban → ARC-c
91.40240240097046,-6.236752986907959,106.70709991455078,62.13103485107422,132.15965270996094,436.9537048339844,7,ARC-c,2,OPS ≤ 500 ft AND Controlled or Urban → ARC-c
91.966148853302,-6.238240718841553,106.70874786376953,73.53600311279297,132.03286743164062,437.9710388183594,6,ARC-c,2,OPS ≤ 500 ft AND Controlled or Urban → ARC-c
92.53243494033813,-6.239736557006836,106.71041107177734,85.42561340332031,131.8805694580078,438.96771240234375,7,ARC-c,2,OPS ≤ 500 ft AND Controlled or Urban → ARC-c
93.09585046768188,-6.241225242614746,106.71208190917969,97.08477783203125,131.427734375,439.75946044921875,7,ARC-c,2,OPS ≤ 500 ft AND Controlled or Urban → ARC-c
93.66912603378296,-6.2427263259887695,106.71377563476562,106.82588958740234,131.33261108398438,440.76593017578125,7,ARC-c,2,OPS ≤ 500 ft AND Controlled or Urban → ARC-c
94.23639297485352,-6.24421501159668,106.71546936035156,115.34147644042969,131.02642822265625,441.7731018066406,7,ARC-c,2,OPS ≤ 500 ft AND Controlled or Urban → ARC-c
94.80032587051392,-6.245695114135742,106.71717834472656,122.10607147216797,130.73779296875,442.8186950683594,7,ARC-c,2,OPS ≤ 500 ft AND Controlled or Urban → ARC-c
95.38352179527283,-6.247185707092285,106.71892547607422,127.14022827148438,130.41885375976562,443.97406005859375,7,ARC-c,2,OPS ≤ 500 ft AND Controlled or Urban → ARC-c
95.94951796531677,-6.2486724853515625,106.72066497802734,130.3144073486328,130.0758819580078,445.1221008300781,7,ARC-c,2,OPS ≤ 500 ft AND Controlled or Urban → ARC-c
96.53224778175354,-6.2501678466796875,106.72245788574219,131.59593200683594,129.71011352539062,446.3379211425781,7,ARC-c,2,OPS ≤ 500 ft AND Controlled or Urban → ARC-c
97.09815454483032,-6.251636505126953,106.72422790527344,131.0012664794922,129.2529754638672,447.58526611328125,7,ARC-c,2,OPS ≤ 500 ft AND Controlled or Urban → ARC-c
97.66494917869568,-6.253075122833252,106.72599792480469,128.93594360351562,128.8463897705078,448.8624267578125,7,ARC-c,2,OPS ≤ 500 ft AND Controlled or Urban → ARC-c
98.23423027992249,-6.254521369934082,106.72779846191406,125.25847625732422,128.4088134765625,450.1808776855469,7,ARC-c,2,OPS ≤ 500 ft AND Controlled or Urban → ARC-c
98.79952001571655,-6.255945682525635,106.72960662841797,120.0955581665039,127.97125244140625,451.4959411621094,7,ARC-c,2,OPS ≤ 500 ft AND Controlled or Urban → ARC-c
99.37169814109802,-6.257373332977295,106.7314453125,113.50647735595703,127.50736999511719,452.8367614746094,7,ARC-c,2,OPS ≤ 500 ft AND Controlled or Urban → ARC-c
99.93949794769287,-6.258780002593994,106.73329162597656,105.94760131835938,126.94779968261719,454.1460266113281,7,ARC-c,2,OPS ≤ 500 ft AND Controlled or Urban → ARC-c
100.49910998344421,-6.26015043258667,106.73512268066406,98.60028076171875,126.40836334228516,455.43035888671875,7,ARC-c,2,OPS ≤ 500 ft AND Controlled or Urban → ARC-c
101.0594093799591,-6.261509895324707,106.73697662353516,91.1924057006836,126.02061462402344,456.7702941894531,7,ARC-c,2,OPS ≤ 500 ft AND Controlled or Urban → ARC-c
101.62671637535095,-6.262886047363281,106.73887634277344,82.8510971069336,125.63964080810547,458.12188720703125,7,ARC-c,2,OPS ≤ 500 ft AND Controlled or Urban → ARC-c
102.19637608528137,-6.264254093170166,106.74079132080078,73.6634750366211,125.26925659179688,459.4856872558594,7,ARC-c,2,OPS ≤ 500 ft AND Controlled or Urban → ARC-c
102.75882649421692,-6.26559591293335,106.7426986694336,63.79885482788086,124.9040756225586,460.8378601074219,7,ARC-c,2,OPS ≤ 500 ft AND Controlled or Urban → ARC-c
103.31665396690369,-6.266918659210205,106.74459838867188,53.45503616333008,124.45915222167969,462.1108093261719,7,ARC-c,2,OPS ≤ 500 ft AND Controlled or Urban → ARC-c
103.87925934791565,-6.268241882324219,106.74654388427734,44.06463623046875,124.0503921508789,463.34295654296875,7,ARC-c,2,OPS ≤ 500 ft AND Controlled or Urban → ARC-c
104.44417977333069,-6.269562721252441,106.74850463867188,36.05994415283203,123.68695831298828,464.5830383300781,7,ARC-c,2,OPS ≤ 500 ft AND Controlled or Urban → ARC-c
105.01888179779053,-6.270894527435303,106.7505111694336,29.56976318359375,123.32585144042969,465.8108825683594,7,ARC-c,2,OPS ≤ 500 ft AND Controlled or Urban → ARC-c
105.58172559738159,-6.272186756134033,106.75248718261719,24.865232467651367,123.01329803466797,466.9942321777344,7,ARC-c,2,OPS ≤ 500 ft AND Controlled or Urban → ARC-c
106.1495258808136,-6.273489475250244,106.7544937133789,21.460622787475586,122.70934295654297,468.1562805175781,7,ARC-c,2,OPS ≤ 500 ft AND Controlled or Urban → ARC-c
106.72051477432251,-6.2747907638549805,106.75653076171875,19.386137008666992,122.41648864746094,469.2867126464844,7,ARC-c,2,OPS ≤ 500 ft AND Controlled or Urban → ARC-c
107.29761791229248,-6.2760796546936035,106.7585678100586,18.59478187561035,122.12481689453125,470.3909606933594,7,ARC-c,2,OPS ≤ 500 ft AND Controlled or Urban → ARC-c
107.85811805725098,-6.277361869812012,106.76061248779297,19.1021671295166,121.8431625366211,471.4363708496094,7,ARC-c,2,OPS ≤ 500 ft AND Controlled or Urban → ARC-c
108.42196822166443,-6.278623104095459,106.76264953613281,20.798168182373047,121.60539245605469,472.4654846191406,7,ARC-c,2,OPS ≤ 500 ft AND Controlled or Urban → ARC-c
109.01792693138123,-6.279907703399658,106.76473999023438,23.185352325439453,121.36287689208984,473.5405578613281,7,ARC-c,2,OPS ≤ 500 ft AND Controlled or Urban → ARC-c
109.58232116699219,-6.281208038330078,106.76688385009766,25.980979919433594,121.12928771972656,474.5600280761719,6,ARC-c,2,OPS ≤ 500 ft AND Controlled or Urban → ARC-c
110.1580011844635,-6.282480716705322,106.76899719238281,29.032730102539062,120.89176177978516,475.57342529296875,6,ARC-c,2,OPS ≤ 500 ft AND Controlled or Urban → ARC-c
110.72896766662598,-6.283738613128662,106.77110290527344,32.37519836425781,120.65287017822266,476.5616149902344,7,ARC-c,2,OPS ≤ 500 ft AND Controlled or Urban → ARC-c
111.30711364746094,-6.285004138946533,106.77324676513672,36.16865158081055,120.41246032714844,477.5484619140625,7,ARC-c,2,OPS ≤ 500 ft AND Controlled or Urban → ARC-c
111.88196873664856,-6.286248207092285,106.77537536621094,40.216861724853516,120.15694427490234,477.36260986328125,7,ARC-c,2,OPS ≤ 500 ft AND Controlled or Urban → ARC-c
112.45255446434021,-6.287476539611816,106.7774887084961,44.889862060546875,119.85022735595703,472.3266906738281,6,ARC-c,2,OPS ≤ 500 ft AND Controlled or Urban → ARC-c
113.0223319530487,-6.288675308227539,106.77958679199219,50.43790054321289,119.57054138183594,466.4007873535156,6,ARC-c,2,OPS ≤ 500 ft AND Controlled or Urban → ARC-c
113.59899091720581,-6.289575576782227,106.78117370605469,55.11549758911133,119.37739562988281,461.61834716796875,7,ARC-c,2,OPS ≤ 500 ft AND Controlled or Urban → ARC-c
114.16960763931274,-6.290724277496338,106.7832260131836,61.53260040283203,119.0879898071289,455.2806091308594,6,ARC-c,2,OPS ≤ 500 ft AND Controlled or Urban → ARC-c
114.74646925926208,-6.291828632354736,106.78523254394531,68.38298034667969,118.81875610351562,448.8226013183594,6,ARC-c,2,OPS ≤ 500 ft AND Controlled or Urban → ARC-c
115.36503577232361,-6.293009281158447,106.78741455078125,76.20308685302734,118.5388412475586,441.93536376953125,6,ARC-c,2,OPS ≤ 500 ft AND Controlled or Urban → ARC-c
115.94568514823914,-6.29416036605835,106.78948974609375,83.56407928466797,118.27337646484375,435.5298767089844,7,ARC-c,2,OPS ≤ 500 ft AND Controlled or Urban → ARC-c
116.51409268379211,-6.295205116271973,106.79143524169922,91.16912078857422,118.04258728027344,429.30218505859375,7,ARC-c,2,OPS ≤ 500 ft AND Controlled or Urban → ARC-c
117.08772921562195,-6.296245098114014,106.79339599609375,98.96883392333984,117.84326934814453,423.0693054199219,7,ARC-c,2,OPS ≤ 500 ft AND Controlled or Urban → ARC-c
117.66218185424805,-6.297267436981201,106.79533386230469,106.8998794555664,117.6759262084961,416.87664794921875,7,ARC-c,2,OPS ≤ 500 ft AND Controlled or Urban → ARC-c
118.23496770858765,-6.298251152038574,106.7972183227539,114.5954818725586,117.51719665527344,410.7588806152344,6,ARC-c,2,OPS ≤ 500 ft AND Controlled or Urban → ARC-c
118.81361317634583,-6.299233913421631,106.79911041259766,122.34330749511719,117.3853759765625,404.6380310058594,7,ARC-c,2,OPS ≤ 500 ft AND Controlled or Urban → ARC-c
119.39680528640747,-6.30020809173584,106.80099487304688,129.96731567382812,117.24775695800781,398.6048583984375,7,ARC-c,2,OPS ≤ 500 ft AND Controlled or Urban → ARC-c
119.96178364753723,-6.3011393547058105,106.80281066894531,137.23797607421875,115.58444213867188,392.8616943359375,7,ARC-c,2,OPS ≤ 500 ft AND Controlled or Urban → ARC-c
120.52124643325806,-6.301975727081299,106.8045883178711,146.2057647705078,103.99081420898438,380.4472351074219,7,ARC-c,2,OPS ≤ 500 ft AND Controlled or Urban → ARC-c
121.08566236495972,-6.302578449249268,106.80640411376953,150.20175170898438,105.98941040039062,370.286376953125,7,ARC-c,2,OPS ≤ 500 ft AND Controlled or Urban → ARC-c
121.67127537727356,-6.303060054779053,106.80827331542969,148.838134765625,101.52549743652344,361.7980041503906,7,ARC-c,2,OPS ≤ 500 ft AND Controlled or Urban → ARC-c
122.23994469642639,-6.303415775299072,106.8100814819336,154.86143493652344,98.16612243652344,355.9938049316406,6,ARC-c,2,500 ft < OPS < FL600 in Uncontrolled Airspace → ARC-c
122.80533480644226,-6.303686618804932,106.81187438964844,168.44863891601562,93.1805191040039,350.16998291015625,7,ARC-c,2,500 ft < OPS < FL600 in Uncontrolled Airspace → ARC-c
123.38390254974365,-6.303812503814697,106.81367492675781,183.38143920898438,87.17996215820312,344.00555419921875,6,ARC-c,2,500 ft < OPS < FL600 in Uncontrolled Airspace → ARC-c
123.95121455192566,-6.303740978240967,106.81541442871094,195.21380615234375,76.0619888305664,335.7942810058594,7,ARC-c,2,500 ft < OPS < FL600 in Uncontrolled Airspace → ARC-c
124.51121687889099,-6.303342342376709,106.81700897216797,203.73300170898438,54.81666564941406,313.46844482421875,7,ARC-c,2,500 ft < OPS < FL600 in Uncontrolled Airspace → ARC-c
125.0807716846466,-6.302536487579346,106.818359375,209.87396240234375,51.02250671386719,304.7222900390625,6,ARC-c,2,500 ft < OPS < FL600 in Uncontrolled Airspace → ARC-c
125.65989375114441,-6.3015666007995605,106.81959533691406,224.8531494140625,54.120243072509766,297.08612060546875,7,ARC-c,2,500 ft < OPS < FL600 in Uncontrolled Airspace → ARC-c
126.21454095840454,-6.300671577453613,106.82073211669922,263.33197021484375,54.6522102355957,293.8007507324219,6,ARC-c,2,500 ft < OPS < FL600 in Uncontrolled Airspace → ARC-c
126.76953053474426,-6.299844741821289,106.82186889648438,306.17828369140625,56.59816360473633,291.9188537597656,7,ARC-c,2,500 ft < OPS < FL600 in Uncontrolled Airspace → ARC-c
127.33622407913208,-6.299035549163818,106.82305145263672,352.2259216308594,55.65187454223633,290.0556335449219,7,ARC-c,2,500 ft < OPS < FL600 in Uncontrolled Airspace → ARC-c
127.89468288421631,-6.29823112487793,106.82421112060547,391.72442626953125,51.264373779296875,287.7561950683594,6,ARC-c,2,500 ft < OPS < FL600 in Uncontrolled Airspace → ARC-c
128.46564555168152,-6.297340393066406,106.82535552978516,419.7405700683594,48.83705139160156,285.0212707519531,7,ARC-c,2,500 ft < OPS < FL600 in Uncontrolled Airspace → ARC-c
129.03887724876404,-6.296416759490967,106.82646942138672,435.95672607421875,68.34741973876953,279.4474182128906,7,ARC-c,2,500 ft < OPS < FL600 in Uncontrolled Airspace → ARC-c
129.61220979690552,-6.295635223388672,106.82766723632812,433.2532043457031,57.6496467590332,271.4344482421875,6,ARC-c,2,500 ft < OPS < FL600 in Uncontrolled Airspace → ARC-c
130.17427849769592,-6.294908046722412,106.82882690429688,428.45587158203125,54.97370529174805,268.24676513671875,7,ARC-c,2,500 ft < OPS < FL600 in Uncontrolled Airspace → ARC-c
130.73697638511658,-6.294155120849609,106.82992553710938,428.69659423828125,52.52845001220703,266.3735046386719,7,ARC-c,2,500 ft < OPS < FL600 in Uncontrolled Airspace → ARC-c
131.31970238685608,-6.293354034423828,106.83106231689453,418.9354248046875,69.68161010742188,264.0461730957031,7,ARC-c,2,500 ft < OPS < FL600 in Uncontrolled Airspace → ARC-c
131.89286613464355,-6.29263973236084,106.83220672607422,398.44659423828125,70.421630859375,262.4369812011719,7,ARC-c,2,500 ft < OPS < FL600 in Uncontrolled Airspace → ARC-c
132.47464513778687,-6.292018890380859,106.8333969116211,382.2520446777344,71.30126953125,259.9781188964844,7,ARC-c,2,500 ft < OPS < FL600 in Uncontrolled Airspace → ARC-c
133.04760766029358,-6.291464328765869,106.83463287353516,364.2258605957031,62.5655403137207,258.1585998535156,7,ARC-c,2,500 ft < OPS < FL600 in Uncontrolled Airspace → ARC-c
133.6156086921692,-6.290904521942139,106.83580780029297,338.8225402832031,61.312747955322266,256.60888671875,7,ARC-c,2,500 ft < OPS < FL600 in Uncontrolled Airspace → ARC-c
134.1967499256134,-6.29033088684082,106.83698272705078,308.2783203125,67.04456329345703,256.02410888671875,7,ARC-c,2,500 ft < OPS < FL600 in Uncontrolled Airspace → ARC-c
134.77250480651855,-6.289775848388672,106.83817291259766,279.9101257324219,60.725807189941406,253.91253662109375,7,ARC-c,2,500 ft < OPS < FL600 in Uncontrolled Airspace → ARC-c
135.3515326976776,-6.289156913757324,106.83930206298828,264.73809814453125,68.48263549804688,249.2784423828125,7,ARC-c,2,500 ft < OPS < FL600 in Uncontrolled Airspace → ARC-c
135.92037057876587,-6.288564682006836,106.84041595458984,263.8128662109375,71.48493194580078,245.83627319335938,7,ARC-c,2,500 ft < OPS < FL600 in Uncontrolled Airspace → ARC-c
136.47949504852295,-6.2880353927612305,106.84156036376953,262.49676513671875,59.79644012451172,243.38375854492188,7,ARC-c,2,500 ft < OPS < FL600 in Uncontrolled Airspace → ARC-c
137.04352498054504,-6.287481784820557,106.84266662597656,250.95297241210938,62.76124572753906,241.16934204101562,7,ARC-c,2,500 ft < OPS < FL600 in Uncontrolled Airspace → ARC-c
137.6119749546051,-6.286951065063477,106.84376525878906,231.3996124267578,68.71394348144531,240.11865234375,7,ARC-c,2,500 ft < OPS < FL600 in Uncontrolled Airspace → ARC-c
138.20614767074585,-6.286454677581787,106.84493255615234,210.80108642578125,63.01611328125,239.51661682128906,7,ARC-c,2,500 ft < OPS < FL600 in Uncontrolled Airspace → ARC-c
138.78045773506165,-6.285943031311035,106.84603881835938,191.3983612060547,57.09419250488281,237.28955078125,7,ARC-c,2,500 ft < OPS < FL600 in Uncontrolled Airspace → ARC-c
139.34508872032166,-6.285339832305908,106.84707641601562,183.51043701171875,70.88945770263672,231.79840087890625,7,ARC-c,2,500 ft < OPS < FL600 in Uncontrolled Airspace → ARC-c
139.90065169334412,-6.2848076820373535,106.84809112548828,189.47718811035156,73.91490936279297,227.12413024902344,7,ARC-c,2,500 ft < OPS < FL600 in Uncontrolled Airspace → ARC-c
140.4686896800995,-6.284356117248535,106.84915924072266,191.2304229736328,58.12079620361328,225.1671905517578,7,ARC-c,2,500 ft < OPS < FL600 in Uncontrolled Airspace → ARC-c
141.05163669586182,-6.283825874328613,106.85020446777344,188.3713836669922,51.01423263549805,222.47991943359375,7,ARC-c,2,500 ft < OPS < FL600 in Uncontrolled Airspace → ARC-c
141.61655139923096,-6.283222198486328,106.85116577148438,179.23602294921875,61.41468048095703,221.6870574951172,7,ARC-c,2,500 ft < OPS < FL600 in Uncontrolled Airspace → ARC-c
142.18956422805786,-6.282668113708496,106.85215759277344,161.16615295410156,66.18133544921875,221.46971130371094,7,ARC-c,2,500 ft < OPS < FL600 in Uncontrolled Airspace → ARC-c
142.74773979187012,-6.282175064086914,106.8531494140625,142.69146728515625,60.88273239135742,221.68678283691406,7,ARC-c,2,OPS ≤ 500 ft AND Controlled or Urban → ARC-c
143.31876873970032,-6.281641006469727,106.85414123535156,125.62954711914062,59.70899200439453,221.35293579101562,7,ARC-c,2,OPS ≤ 500 ft AND Controlled or Urban → ARC-c
143.8888282775879,-6.281063556671143,106.85511016845703,114.06368255615234,69.01012420654297,219.76089477539062,7,ARC-c,2,OPS ≤ 500 ft AND Controlled or Urban → ARC-c
144.46456241607666,-6.280508518218994,106.8561019897461,114.20669555664062,77.08639526367188,215.42127990722656,7,ARC-c,2,OPS ≤ 500 ft AND Controlled or Urban → ARC-c
145.0454330444336,-6.280064105987549,106.85710906982422,117.34423065185547,63.629547119140625,213.3000030517578,7,ARC-c,2,OPS ≤ 500 ft AND Controlled or Urban → ARC-c
145.6095962524414,-6.279595375061035,106.85810852050781,113.22950744628906,53.122314453125,211.45997619628906,7,ARC-c,2,OPS ≤ 500 ft AND Controlled or Urban → ARC-c
146.18363118171692,-6.279079437255859,106.8590316772461,101.11139678955078,67.93067932128906,211.42144775390625,7,ARC-d,3,Inside Halim (treated as Class C) → ARC-d
146.77854466438293,-6.278564453125,106.86001586914062,81.67142486572266,70.70515441894531,211.687255859375,7,ARC-d,3,Inside Halim (treated as Class C) → ARC-d
147.34503269195557,-6.278079986572266,106.86101531982422,61.967796325683594,73.8383560180664,211.64364624023438,7,ARC-d,3,Inside Halim (treated as Class C) → ARC-d
147.9131646156311,-6.27764368057251,106.86199951171875,48.237300872802734,77.08180236816406,210.55613708496094,7,ARC-d,3,Inside Halim (treated as Class C) → ARC-d
148.48422718048096,-6.277258396148682,106.86300659179688,37.580623626708984,73.27903747558594,209.8504638671875,7,ARC-d,3,Inside Halim (treated as Class C) → ARC-d
149.04146695137024,-6.276905059814453,106.8639907836914,22.20157814025879,77.64022064208984,209.6411895751953,7,ARC-d,3,Inside Halim (treated as Class C) → ARC-d
149.61630868911743,-6.276577949523926,106.8650131225586,3.935152769088745,72.9560546875,208.4914093017578,7,ARC-d,3,Inside Halim (treated as Class C) → ARC-d
150.1792016029358,-6.276284217834473,106.86581420898438,1.0676703453063965,72.66456604003906,138.3148193359375,7,ARC-d,3,Inside Halim (treated as Class C) → ARC-d
150.74386548995972,-6.2760701179504395,106.86641693115234,3.254668951034546,228.4792022705078,89.82347869873047,7,ARC-d,3,Inside Halim (treated as Class C) → ARC-d
151.36908841133118,-6.275973320007324,106.86681365966797,3.3503265380859375,71.99259185791016,63.62229919433594,7,ARC-d,3,Inside Halim (treated as Class C) → ARC-d
151.93139505386353,-6.275890827178955,106.86711883544922,1.4093070030212402,249.07745361328125,50.80399703979492,7,ARC-d,3,Inside Halim (treated as Class C) → ARC-d
152.50588631629944,-6.275847911834717,106.86726379394531,0.6512969136238098,55.50706100463867,15.635445594787598,7,ARC-d,3,Inside Halim (treated as Class C) → ARC-d
