t_sec,lat,lon,alt_m,hdg_deg,spd_mps,arc_label,arc_rule
0.056000709533691406,-6.10905122756958,106.66883850097656,5.22886848449707,248.1199951171875,0.001971108140423894,ARC-c,Inside Soetta (Class A) → ARC-c
0.6211974620819092,-6.10905122756958,106.66883850097656,5.228880882263184,248.1194305419922,0.0009942945325747132,ARC-c,Inside Soetta (Class A) → ARC-c
1.188892126083374,-6.10905122756958,106.66883850097656,5.228879928588867,248.1195526123047,0.0009282994433306158,ARC-c,Inside Soetta (Class A) → ARC-c
1.7533693313598633,-6.10905122756958,106.66883850097656,5.228883743286133,248.11984252929688,0.00037723692366853356,ARC-c,Inside Soetta (Class A) → ARC-c
2.3124406337738037,-6.10905122756958,106.66883850097656,5.228886127471924,248.11985778808594,0.0004419069446157664,ARC-c,Inside Soetta (Class A) → ARC-c
2.8904800415039062,-6.10905122756958,106.66883850097656,5.228887557983398,248.11985778808594,0.00017622573068365455,ARC-c,Inside Soetta (Class A) → ARC-c
3.456327438354492,-6.10905122756958,106.66883850097656,5.228890895843506,248.11985778808594,0.00020053618936799467,ARC-c,Inside Soetta (Class A) → ARC-c
4.0215020179748535,-6.10905122756958,106.66883850097656,5.228888034820557,248.11985778808594,5.6209501053672284e-05,ARC-c,Inside Soetta (Class A) → ARC-c
4.584146976470947,-6.10905122756958,106.66883850097656,5.2288899421691895,248.11985778808594,9.609943663235754e-05,ARC-c,Inside Soetta (Class A) → ARC-c
5.13737154006958,-6.10905122756958,106.66883850097656,5.228911876678467,248.11985778808594,0.0037946489173918962,ARC-c,Inside Soetta (Class A) → ARC-c
5.695328712463379,-6.109051704406738,106.66883850097656,5.229196548461914,248.11981201171875,0.011579064652323723,ARC-c,Inside Soetta (Class A) → ARC-c
6.262014150619507,-6.109051704406738,106.66883850097656,5.229786396026611,248.12091064453125,0.01799662597477436,ARC-c,Inside Soetta (Class A) → ARC-c
6.832033395767212,-6.109051704406738,106.66883850097656,5.230633735656738,248.12240600585938,0.026404190808534622,ARC-c,Inside Soetta (Class A) → ARC-c
7.400874614715576,-6.109051704406738,106.66883850097656,5.231823444366455,248.12351989746094,0.03664492443203926,ARC-c,Inside Soetta (Class A) → ARC-c
7.964271783828735,-6.109051704406738,106.66883850097656,5.233338832855225,248.12362670898438,0.04588702693581581,ARC-c,Inside Soetta (Class A) → ARC-c
8.530528783798218,-6.1090521812438965,106.66883850097656,5.228267192840576,248.1220703125,0.7596800923347473,ARC-c,Inside Soetta (Class A) → ARC-c
9.097909450531006,-6.1090545654296875,106.66883087158203,5.2339677810668945,248.11944580078125,1.7928956747055054,ARC-c,Inside Soetta (Class A) → ARC-c
9.67055606842041,-6.109058856964111,106.6688232421875,5.230738639831543,248.11936950683594,3.0802173614501953,ARC-c,Inside Soetta (Class A) → ARC-c
10.234023571014404,-6.109066009521484,106.6688003540039,5.235752582550049,248.11898803710938,4.588273525238037,ARC-c,Inside Soetta (Class A) → ARC-c
10.79221773147583,-6.109075546264648,106.66877746582031,5.238152980804443,248.11724853515625,6.33298921585083,ARC-c,Inside Soetta (Class A) → ARC-c
11.368633270263672,-6.109088897705078,106.66874694824219,5.243321895599365,248.1131591796875,8.289774894714355,ARC-c,Inside Soetta (Class A) → ARC-c
11.93505334854126,-6.109106540679932,106.668701171875,5.2481560707092285,248.1080322265625,10.28085994720459,ARC-c,Inside Soetta (Class A) → ARC-c
12.496944427490234,-6.109127521514893,106.66864776611328,5.254790782928467,248.10433959960938,12.285429954528809,ARC-c,Inside Soetta (Class A) → ARC-c
13.060888767242432,-6.109152317047119,106.66858673095703,5.257012367248535,248.1068115234375,14.286869049072266,ARC-c,Inside Soetta (Class A) → ARC-c
13.648470401763916,-6.109181880950928,106.66851043701172,5.255730628967285,248.11004638671875,16.362173080444336,ARC-c,Inside Soetta (Class A) → ARC-c
14.210153818130493,-6.1092143058776855,106.66842651367188,5.251718044281006,248.11224365234375,18.352548599243164,ARC-c,Inside Soetta (Class A) → ARC-c
14.778434991836548,-6.109251022338867,106.6683349609375,5.250913143157959,248.1140594482422,20.364316940307617,ARC-c,Inside Soetta (Class A) → ARC-c
15.355509281158447,-6.109291076660156,106.6682357788086,5.258307933807373,248.11474609375,22.404861450195312,ARC-c,Inside Soetta (Class A) → ARC-c
15.92465090751648,-6.1093363761901855,106.66812133789062,5.269767761230469,248.11465454101562,24.420400619506836,ARC-c,Inside Soetta (Class A) → ARC-c
16.49374270439148,-6.109384059906006,106.66800689697266,5.270540237426758,248.11473083496094,25.84677505493164,ARC-c,Inside Soetta (Class A) → ARC-c
17.067250967025757,-6.109432697296143,106.66787719726562,5.254803657531738,248.1163330078125,26.37675666809082,ARC-c,Inside Soetta (Class A) → ARC-c
17.6439208984375,-6.109485149383545,106.6677474975586,5.242701053619385,248.118896484375,26.739625930786133,ARC-c,Inside Soetta (Class A) → ARC-c
18.20705819129944,-6.1095356941223145,106.6676254272461,5.248824119567871,248.12051391601562,27.113292694091797,ARC-c,Inside Soetta (Class A) → ARC-c
18.784579038619995,-6.109588623046875,106.66748809814453,5.259035587310791,248.12167358398438,27.641138076782227,ARC-c,Inside Soetta (Class A) → ARC-c
19.347017765045166,-6.109641075134277,106.6673583984375,5.254809379577637,248.1243896484375,28.397993087768555,ARC-c,Inside Soetta (Class A) → ARC-c
19.921608924865723,-6.109696388244629,106.66722106933594,5.248661994934082,248.1291046142578,29.5361270904541,ARC-c,Inside Soetta (Class A) → ARC-c
20.492061376571655,-6.1097540855407715,106.66707611083984,5.263859748840332,248.13375854492188,31.18051528930664,ARC-c,Inside Soetta (Class A) → ARC-c
21.050204277038574,-6.109813213348389,106.66692352294922,5.285045146942139,248.1368865966797,33.181663513183594,ARC-c,Inside Soetta (Class A) → ARC-c
21.633829832077026,-6.1098785400390625,106.66676330566406,5.280198574066162,248.14149475097656,35.28892517089844,ARC-c,Inside Soetta (Class A) → ARC-c
22.206117391586304,-6.109949588775635,106.66658020019531,5.268085956573486,248.1492156982422,37.25761032104492,ARC-c,Inside Soetta (Class A) → ARC-c
22.81306004524231,-6.110021114349365,106.6664047241211,5.2823615074157715,248.15585327148438,39.32000732421875,ARC-c,Inside Soetta (Class A) → ARC-c
23.373455047607422,-6.110101699829102,106.66619873046875,5.273715496063232,248.16220092773438,41.25017547607422,ARC-c,Inside Soetta (Class A) → ARC-c
23.942163705825806,-6.1101813316345215,106.66600036621094,5.261388301849365,248.17214965820312,43.213130950927734,ARC-c,Inside Soetta (Class A) → ARC-c
24.513508558273315,-6.110265254974365,106.66578674316406,5.293577671051025,248.1800537109375,45.199119567871094,ARC-c,Inside Soetta (Class A) → ARC-c
25.083820343017578,-6.110352516174316,106.66556549072266,5.2906999588012695,248.18992614746094,47.19113540649414,ARC-c,Inside Soetta (Class A) → ARC-c
25.644025087356567,-6.110442638397217,106.66534423828125,5.29797887802124,248.20199584960938,49.150447845458984,ARC-c,Inside Soetta (Class A) → ARC-c
26.218533277511597,-6.110538005828857,106.66510009765625,5.312724590301514,248.210693359375,51.162654876708984,ARC-c,Inside Soetta (Class A) → ARC-c
26.78289270401001,-6.110635757446289,106.66485595703125,5.282845973968506,248.22288513183594,53.128353118896484,ARC-c,Inside Soetta (Class A) → ARC-c
27.345759630203247,-6.110736846923828,106.66459655761719,5.311614990234375,248.233154296875,55.08869552612305,ARC-c,Inside Soetta (Class A) → ARC-c
27.916954517364502,-6.110842704772949,106.6643295288086,5.299022197723389,248.24929809570312,57.07748031616211,ARC-c,Inside Soetta (Class A) → ARC-c
28.485679149627686,-6.110952854156494,106.66405487060547,5.337172985076904,248.2680206298828,59.055110931396484,ARC-c,Inside Soetta (Class A) → ARC-c
29.06853985786438,-6.111063480377197,106.66377258300781,5.322457313537598,248.28652954101562,61.077842712402344,ARC-c,Inside Soetta (Class A) → ARC-c
29.62771964073181,-6.111183166503906,106.66346740722656,5.336516380310059,248.30453491210938,63.01310348510742,ARC-c,Inside Soetta (Class A) → ARC-c
30.19994354248047,-6.111305236816406,106.66316223144531,5.3168768882751465,248.32212829589844,64.99688720703125,ARC-c,Inside Soetta (Class A) → ARC-c
30.763535976409912,-6.111427307128906,106.66285705566406,5.356090545654297,248.33883666992188,66.93193817138672,ARC-c,Inside Soetta (Class A) → ARC-c
31.340631008148193,-6.1115570068359375,106.66252136230469,5.352148532867432,248.35971069335938,68.92366790771484,ARC-c,Inside Soetta (Class A) → ARC-c
31.903363704681396,-6.111687183380127,106.66219329833984,5.3714799880981445,248.37762451171875,70.86380767822266,ARC-c,Inside Soetta (Class A) → ARC-c
32.47058367729187,-6.111821174621582,106.66184997558594,5.356924057006836,248.39898681640625,72.8106460571289,ARC-c,Inside Soetta (Class A) → ARC-c
33.03021478652954,-6.11195707321167,106.66150665283203,5.371341705322266,248.41558837890625,74.72380828857422,ARC-c,Inside Soetta (Class A) → ARC-c
33.60283875465393,-6.112100124359131,106.66114044189453,5.399903774261475,248.45306396484375,76.66080474853516,ARC-c,Inside Soetta (Class A) → ARC-c
34.16617202758789,-6.112244129180908,106.66077423095703,5.451708793640137,248.52096557617188,78.55220794677734,ARC-c,Inside Soetta (Class A) → ARC-c
34.75959396362305,-6.112399101257324,106.6603775024414,5.549284934997559,248.59909057617188,80.54408264160156,ARC-c,Inside Soetta (Class A) → ARC-c
35.32833003997803,-6.112550258636475,106.65998840332031,5.679443359375,248.65174865722656,82.41449737548828,ARC-c,Inside Soetta (Class A) → ARC-c
35.900066614151,-6.112707138061523,106.65959167480469,5.7183709144592285,248.668212890625,84.29805755615234,ARC-c,Inside Soetta (Class A) → ARC-c
36.46173048019409,-6.112863540649414,106.65918731689453,5.744255065917969,248.65283203125,86.14762115478516,ARC-c,Inside Soetta (Class A) → ARC-c
37.028653144836426,-6.113024711608887,106.65877532958984,5.668424129486084,248.64944458007812,88.01781463623047,ARC-c,Inside Soetta (Class A) → ARC-c
37.58276844024658,-6.113184928894043,106.65835571289062,5.682324409484863,248.68382263183594,89.81609344482422,ARC-c,Inside Soetta (Class A) → ARC-c
38.1464569568634,-6.113351345062256,106.65792846679688,5.837587833404541,248.76666259765625,91.60752868652344,ARC-c,Inside Soetta (Class A) → ARC-c
38.703158140182495,-6.113518238067627,106.6574935913086,6.3480377197265625,248.87481689453125,93.28826904296875,ARC-c,Inside Soetta (Class A) → ARC-c
39.27028036117554,-6.113689422607422,106.65704345703125,7.441033363342285,248.9813690185547,94.93712615966797,ARC-c,Inside Soetta (Class A) → ARC-c
39.84489679336548,-6.113865375518799,106.65657806396484,8.847635269165039,249.1219024658203,96.66364288330078,ARC-c,Inside Soetta (Class A) → ARC-c
40.41106557846069,-6.114039421081543,106.65611267089844,9.953511238098145,249.4510040283203,98.43265533447266,ARC-c,Inside Soetta (Class A) → ARC-c
40.97972106933594,-6.1142144203186035,106.6556396484375,10.468738555908203,250.11911010742188,100.25979614257812,ARC-c,Inside Soetta (Class A) → ARC-c
41.56433987617493,-6.114391326904297,106.65513610839844,10.771181106567383,250.96759033203125,102.09038543701172,ARC-c,Inside Soetta (Class A) → ARC-c
42.1379234790802,-6.114572048187256,106.65463256835938,11.470535278320312,251.68350219726562,103.79578399658203,ARC-c,Inside Soetta (Class A) → ARC-c
42.707197189331055,-6.11474609375,106.65412139892578,12.783309936523438,252.20266723632812,105.4316635131836,ARC-c,Inside Soetta (Class A) → ARC-c
43.27058982849121,-6.114915370941162,106.65361022949219,14.542231559753418,252.62353515625,107.02999877929688,ARC-c,Inside Soetta (Class A) → ARC-c
43.83787131309509,-6.115085124969482,106.65308380126953,16.675905227661133,253.03253173828125,108.60053253173828,ARC-c,Inside Soetta (Class A) → ARC-c
44.40365791320801,-6.11525297164917,106.65255737304688,19.22475242614746,253.43588256835938,110.11485290527344,ARC-c,Inside Soetta (Class A) → ARC-c
44.97211980819702,-6.115418910980225,106.65200805664062,22.32290267944336,253.80877685546875,111.56330108642578,ARC-c,Inside Soetta (Class A) → ARC-c
45.54655051231384,-6.115584850311279,106.65145111083984,26.086240768432617,254.1076202392578,112.9692611694336,ARC-c,Inside Soetta (Class A) → ARC-c
46.11129665374756,-6.115746974945068,106.6509017944336,30.444799423217773,254.31488037109375,114.28660583496094,ARC-c,Inside Soetta (Class A) → ARC-c
46.68246412277222,-6.115910053253174,106.65032958984375,35.63350296020508,254.44769287109375,115.54015350341797,ARC-c,Inside Soetta (Class A) → ARC-c
47.247161626815796,-6.116070747375488,106.64976501464844,41.60429382324219,254.5321807861328,116.59210968017578,ARC-c,Inside Soetta (Class A) → ARC-c
47.823107957839966,-6.116233825683594,106.64918518066406,48.565948486328125,254.60629272460938,116.43343353271484,ARC-c,Inside Soetta (Class A) → ARC-c
48.403955936431885,-6.116393089294434,106.64861297607422,56.25211715698242,254.69564819335938,115.7844467163086,ARC-c,Inside Soetta (Class A) → ARC-c
48.96748352050781,-6.116550445556641,106.64804077148438,64.53839111328125,254.77772521972656,115.0409164428711,ARC-c,Inside Soetta (Class A) → ARC-c
49.530112981796265,-6.116702079772949,106.6474838256836,73.06098175048828,254.88241577148438,114.311767578125,ARC-c,Inside Soetta (Class A) → ARC-c
50.102317810058594,-6.1168532371521,106.64691925048828,81.88416290283203,255.0301055908203,113.59049224853516,ARC-c,Inside Soetta (Class A) → ARC-c
50.67817449569702,-6.11700439453125,106.64635467529297,90.86358642578125,255.2064666748047,112.88228607177734,ARC-c,Inside Soetta (Class A) → ARC-c
51.23657584190369,-6.117148399353027,106.64581298828125,99.7060546875,255.39309692382812,112.2052001953125,ARC-c,Inside Soetta (Class A) → ARC-c
51.80741310119629,-6.117292881011963,106.645263671875,108.96006774902344,255.58285522460938,111.54755401611328,ARC-c,Inside Soetta (Class A) → ARC-c
52.382407665252686,-6.117436408996582,106.64470672607422,118.57958984375,255.71339416503906,111.06168365478516,ARC-c,Inside Soetta (Class A) → ARC-c
52.96373414993286,-6.117580413818359,106.64414978027344,128.38494873046875,255.79771423339844,110.97482299804688,ARC-c,Inside Soetta (Class A) → ARC-c
53.5279266834259,-6.117717742919922,106.64360809326172,137.4684295654297,255.92092895507812,111.4483642578125,ARC-c,Inside Soetta (Class A) → ARC-c
54.0914032459259,-6.117854595184326,106.64305877685547,146.00772094726562,256.11871337890625,112.52652740478516,ARC-c,Inside Soetta (Class A) → ARC-c
54.657142639160156,-6.117991924285889,106.64250183105469,154.17921447753906,256.36993408203125,113.71976470947266,ARC-c,Inside Soetta (Class A) → ARC-c
55.230852365493774,-6.118130683898926,106.64192962646484,162.25181579589844,256.63995361328125,114.79714965820312,ARC-c,Inside Soetta (Class A) → ARC-c
55.787607192993164,-6.1182637214660645,106.64137268066406,169.88063049316406,256.9117736816406,115.83116149902344,ARC-c,Inside Soetta (Class A) → ARC-c
56.36461520195007,-6.1184000968933105,106.64078521728516,177.6254425048828,257.2185974121094,116.95931243896484,ARC-c,Inside Soetta (Class A) → ARC-c
56.92158842086792,-6.1185302734375,106.64021301269531,184.94796752929688,257.5404052734375,118.1031265258789,ARC-c,Inside Soetta (Class A) → ARC-c
57.47677564620972,-6.118658065795898,106.63963317871094,192.16639709472656,257.8613586425781,119.32084655761719,ARC-c,Inside Soetta (Class A) → ARC-c
58.04916954040527,-6.11878776550293,106.63903045654297,199.38140869140625,258.2207336425781,120.64353942871094,ARC-c,Inside Soetta (Class A) → ARC-c
58.614325761795044,-6.118912696838379,106.638427734375,206.24276733398438,258.6426086425781,121.93455505371094,ARC-c,Inside Soetta (Class A) → ARC-c
59.180463790893555,-6.119033336639404,106.63782501220703,212.7787322998047,259.1347961425781,122.15425872802734,ARC-c,Inside Soetta (Class A) → ARC-c
59.73868918418884,-6.119150638580322,106.63721466064453,219.10899353027344,259.6698913574219,121.89427947998047,ARC-c,Inside Soetta (Class A) → ARC-c
60.304518938064575,-6.119262218475342,106.63660430908203,225.22161865234375,260.1961364746094,121.56338500976562,ARC-c,Inside Soetta (Class A) → ARC-c
60.86898636817932,-6.1193671226501465,106.63600158691406,231.01303100585938,260.76214599609375,121.25178527832031,ARC-c,Inside Soetta (Class A) → ARC-c
61.44005346298218,-6.119467735290527,106.63538360595703,236.61004638671875,261.37420654296875,120.98140716552734,ARC-c,Inside Soetta (Class A) → ARC-c
62.00937080383301,-6.119560718536377,106.63477325439453,241.96652221679688,262.0106201171875,120.78099822998047,ARC-c,Inside Soetta (Class A) → ARC-c
62.57496523857117,-6.119647026062012,106.63416290283203,247.08692932128906,262.6388854980469,120.62786865234375,ARC-c,Inside Soetta (Class A) → ARC-c
63.14552450180054,-6.119728088378906,106.633544921875,251.85482788085938,263.15509033203125,120.53294372558594,ARC-c,Inside Soetta (Class A) → ARC-c
63.709219217300415,-6.1198039054870605,106.63294219970703,256.1725769042969,263.4952087402344,120.49456787109375,ARC-c,Inside Soetta (Class A) → ARC-c
64.2840940952301,-6.119877815246582,106.63232421875,260.2829895019531,263.6396484375,120.51167297363281,ARC-c,Inside Soetta (Class A) → ARC-c
64.85180187225342,-6.1199493408203125,106.63170623779297,264.0643615722656,263.6142578125,120.56917572021484,ARC-c,Inside Soetta (Class A) → ARC-c
65.4159905910492,-6.120019912719727,106.63109588623047,267.50848388671875,263.4458923339844,120.70318603515625,ARC-c,Inside Soetta (Class A) → ARC-c
65.96911454200745,-6.120089530944824,106.63050079345703,270.52716064453125,263.19427490234375,121.03788757324219,ARC-c,Inside Soetta (Class A) → ARC-c
66.52593421936035,-6.120162010192871,106.62989044189453,273.24749755859375,262.9187927246094,121.69803619384766,ARC-c,Inside Soetta (Class A) → ARC-c
67.09365963935852,-6.120237827301025,106.6292724609375,275.8406982421875,262.671875,122.85277557373047,ARC-c,Inside Soetta (Class A) → ARC-c
67.66834545135498,-6.1203179359436035,106.62863159179688,278.53839111328125,262.4838562011719,124.60525512695312,ARC-c,Inside Soetta (Class A) → ARC-c
68.24236011505127,-6.12039852142334,106.62800598144531,281.3089904785156,262.36285400390625,126.41777801513672,ARC-c,Inside Soetta (Class A) → ARC-c
68.80397915840149,-6.120484352111816,106.62734985351562,284.2870178222656,262.2933654785156,127.8213882446289,ARC-c,Inside Soetta (Class A) → ARC-c
69.37765431404114,-6.120571613311768,106.62669372558594,287.2287902832031,262.28643798828125,128.1112518310547,ARC-c,Inside Soetta (Class A) → ARC-c
69.94193458557129,-6.120657444000244,106.62604522705078,290.0618591308594,262.3626708984375,128.08262634277344,ARC-c,Inside Soetta (Class A) → ARC-c
70.51385021209717,-6.120744228363037,106.6253890991211,293.0244140625,262.48773193359375,127.97405242919922,ARC-c,Inside Soetta (Class A) → ARC-c
71.081862449646,-6.120829105377197,106.62474060058594,296.2007751464844,262.61602783203125,127.85143280029297,ARC-c,Inside Soetta (Class A) → ARC-c
71.65689778327942,-6.120913505554199,106.62408447265625,299.5986633300781,262.7370300292969,127.8126449584961,ARC-c,Inside Soetta (Class A) → ARC-c
72.21903133392334,-6.120995998382568,106.62344360351562,303.0221252441406,262.8478698730469,127.96280670166016,ARC-c,Inside Soetta (Class A) → ARC-c
72.79063439369202,-6.121078014373779,106.62278747558594,306.55108642578125,262.9544677734375,128.11912536621094,ARC-c,Inside Soetta (Class A) → ARC-c
73.34988355636597,-6.121157646179199,106.62214660644531,310.0677795410156,263.07110595703125,128.22799682617188,ARC-c,Inside Soetta (Class A) → ARC-c
73.91563844680786,-6.121236324310303,106.62149810791016,313.8443298339844,263.20538330078125,128.3294219970703,ARC-c,Inside Soetta (Class A) → ARC-c
74.4790256023407,-6.121313095092773,106.62084197998047,317.9511413574219,263.35516357421875,128.4310760498047,ARC-c,Inside Soetta (Class A) → ARC-c
75.05004239082336,-6.121389389038086,106.62018585205078,322.3431091308594,263.5539245605469,128.5345001220703,ARC-c,Inside Soetta (Class A) → ARC-c
75.61739230155945,-6.121461868286133,106.61953735351562,326.6087341308594,263.9190673828125,128.6199951171875,ARC-c,Inside Soetta (Class A) → ARC-c
76.18220376968384,-6.121530532836914,106.61888122558594,330.52685546875,264.7935485839844,128.64857482910156,ARC-c,Inside Soetta (Class A) → ARC-c
76.7625823020935,-6.121592044830322,106.61821746826172,334.4175109863281,266.196533203125,128.64813232421875,ARC-c,Inside Soetta (Class A) → ARC-c
77.33173489570618,-6.121642589569092,106.6175537109375,338.2846374511719,267.825927734375,128.6486358642578,ARC-c,Inside Soetta (Class A) → ARC-c
77.89893174171448,-6.121675968170166,106.61689758300781,341.9705505371094,269.65643310546875,128.67727661132812,ARC-c,Inside Soetta (Class A) → ARC-c
78.47109246253967,-6.12169075012207,106.6162338256836,345.3260192871094,271.6790771484375,128.74314880371094,ARC-c,Inside Soetta (Class A) → ARC-c
79.03598356246948,-6.121684551239014,106.6155776977539,348.1596374511719,273.7554016113281,128.83993530273438,ARC-c,Inside Soetta (Class A) → ARC-c
79.60874128341675,-6.12165641784668,106.61491394042969,350.48358154296875,275.81573486328125,128.97317504882812,ARC-c,Inside Soetta (Class A) → ARC-c
80.1785900592804,-6.121605396270752,106.61424255371094,352.2677917480469,277.8796691894531,129.1787109375,ARC-c,Inside Soetta (Class A) → ARC-c
80.7416615486145,-6.121531009674072,106.61359405517578,353.53021240234375,279.73468017578125,129.60781860351562,ARC-c,Inside Soetta (Class A) → ARC-c
81.31846475601196,-6.121431350708008,106.61292266845703,354.3287353515625,281.50848388671875,130.45216369628906,ARC-c,Inside Soetta (Class A) → ARC-c
81.88669776916504,-6.121307849884033,106.61226654052734,354.58868408203125,283.50506591796875,131.838134765625,ARC-c,Inside Soetta (Class A) → ARC-c
82.4443724155426,-6.1211628913879395,106.61161041259766,354.4576416015625,285.62115478515625,133.69619750976562,ARC-c,Inside Soetta (Class A) → ARC-c
83.01471400260925,-6.120987892150879,106.61094665527344,354.1150817871094,287.7411193847656,135.54302978515625,ARC-c,Inside Soetta (Class A) → ARC-c
83.58185267448425,-6.120786190032959,106.61027526855469,353.6566162109375,289.8525085449219,137.26065063476562,ARC-c,Inside Soetta (Class A) → ARC-c
84.16616201400757,-6.120555400848389,106.6095962524414,353.1439514160156,292.0577697753906,139.022216796875,ARC-c,Inside Soetta (Class A) → ARC-c
84.73379516601562,-6.120291709899902,106.60891723632812,352.702880859375,294.18585205078125,140.7449493408203,ARC-c,Inside Soetta (Class A) → ARC-c
85.32198762893677,-6.120005130767822,106.60824584960938,352.410888671875,296.32568359375,142.51478576660156,ARC-c,Inside Soetta (Class A) → ARC-c
85.88663935661316,-6.1196818351745605,106.6075668334961,352.37249755859375,298.4455871582031,144.258056640625,ARC-c,Inside Soetta (Class A) → ARC-c
86.44787096977234,-6.1193437576293945,106.60691833496094,352.6575927734375,300.4635009765625,145.95046997070312,ARC-c,Inside Soetta (Class A) → ARC-c
87.02378559112549,-6.118967056274414,106.60625457763672,353.33135986328125,302.5865478515625,147.65811157226562,ARC-c,500 ft < OPS < FL600 in Uncontrolled Airspace → ARC-c
87.5994176864624,-6.118561267852783,106.60559844970703,354.4778747558594,304.7361755371094,149.32566833496094,ARC-c,500 ft < OPS < FL600 in Uncontrolled Airspace → ARC-c
88.18614792823792,-6.118139743804932,106.60497283935547,356.1217956542969,306.93609619140625,150.98318481445312,ARC-c,500 ft < OPS < FL600 in Uncontrolled Airspace → ARC-c
88.76336598396301,-6.11765193939209,106.60430908203125,358.5533447265625,309.16064453125,152.56272888183594,ARC-c,500 ft < OPS < FL600 in Uncontrolled Airspace → ARC-c
89.32513499259949,-6.117170810699463,106.60369873046875,361.529541015625,311.3173828125,154.04949951171875,ARC-c,500 ft < OPS < FL600 in Uncontrolled Airspace → ARC-c
89.89648985862732,-6.11665153503418,106.60309600830078,365.3230895996094,313.5191345214844,155.51150512695312,ARC-c,500 ft < OPS < FL600 in Uncontrolled Airspace → ARC-c
90.46515226364136,-6.116110324859619,106.60250854492188,369.9398498535156,315.68548583984375,156.91305541992188,ARC-c,500 ft < OPS < FL600 in Uncontrolled Airspace → ARC-c
91.03031015396118,-6.115542411804199,106.60194396972656,375.5612487792969,317.800048828125,158.28656005859375,ARC-c,500 ft < OPS < FL600 in Uncontrolled Airspace → ARC-c
91.61987400054932,-6.1149373054504395,106.60137176513672,382.4830322265625,320.1565856933594,159.67970275878906,ARC-c,500 ft < OPS < FL600 in Uncontrolled Airspace → ARC-c
92.18202066421509,-6.114309310913086,106.60084533691406,390.0133361816406,322.5288391113281,160.92027282714844,ARC-c,500 ft < OPS < FL600 in Uncontrolled Airspace → ARC-c
92.75369429588318,-6.113659858703613,106.60033416748047,398.67376708984375,324.86029052734375,162.07513427734375,ARC-c,500 ft < OPS < FL600 in Uncontrolled Airspace → ARC-c
93.31999468803406,-6.112992286682129,106.599853515625,408.3236083984375,327.01654052734375,163.1337127685547,ARC-c,500 ft < OPS < FL600 in Uncontrolled Airspace → ARC-c
93.88504600524902,-6.112303256988525,106.59939575195312,419.11505126953125,329.18115234375,164.126220703125,ARC-c,500 ft < OPS < FL600 in Uncontrolled Airspace → ARC-c
94.44870066642761,-6.111598014831543,106.59896850585938,431.0164794921875,331.4454345703125,165.04312133789062,ARC-c,500 ft < OPS < FL600 in Uncontrolled Airspace → ARC-c
95.00932836532593,-6.110873699188232,106.59857177734375,444.14593505859375,333.7865295410156,165.88348388671875,ARC-c,500 ft < OPS < FL600 in Uncontrolled Airspace → ARC-c
95.57932829856873,-6.110125541687012,106.59819030761719,458.65264892578125,336.1954345703125,166.65841674804688,ARC-c,500 ft < OPS < FL600 in Uncontrolled Airspace → ARC-c
96.14119863510132,-6.109365463256836,106.59784698486328,474.3160095214844,338.57659912109375,167.21156311035156,ARC-c,500 ft < OPS < FL600 in Uncontrolled Airspace → ARC-c
96.70383596420288,-6.10859489440918,106.59754180908203,491.13818359375,340.7769470214844,166.5091094970703,ARC-c,500 ft < OPS < FL600 in Uncontrolled Airspace → ARC-c
97.26958012580872,-6.107815265655518,106.59725952148438,508.9355163574219,343.8557434082031,165.382568359375,ARC-c,500 ft < OPS < FL600 in Uncontrolled Airspace → ARC-c
97.82491040229797,-6.107044219970703,106.5970230102539,526.8973388671875,347.65325927734375,164.17613220214844,ARC-c,500 ft < OPS < FL600 in Uncontrolled Airspace → ARC-c
98.3799397945404,-6.106270790100098,106.59681701660156,544.740234375,350.9999694824219,162.9752655029297,ARC-c,500 ft < OPS < FL600 in Uncontrolled Airspace → ARC-c
98.9343831539154,-6.1054911613464355,106.5966567993164,561.9924926757812,354.39794921875,161.81068420410156,ARC-c,500 ft < OPS < FL600 in Uncontrolled Airspace → ARC-c
99.48933792114258,-6.104708194732666,106.59654235839844,578.3367919921875,357.8866271972656,160.6640625,ARC-c,500 ft < OPS < FL600 in Uncontrolled Airspace → ARC-c
100.05936479568481,-6.103903293609619,106.59648132324219,593.9589233398438,1.051091194152832,159.6014862060547,ARC-c,500 ft < OPS < FL600 in Uncontrolled Airspace → ARC-c
100.6277847290039,-6.103103160858154,106.59646606445312,608.1431884765625,4.096177101135254,158.6947479248047,ARC-c,500 ft < OPS < FL600 in Uncontrolled Airspace → ARC-c
101.1994264125824,-6.102298736572266,106.59650421142578,620.9983520507812,7.153406143188477,157.95132446289062,ARC-c,500 ft < OPS < FL600 in Uncontrolled Airspace → ARC-c
101.77121090888977,-6.101498126983643,106.5965805053711,632.4306030273438,10.218436241149902,157.33177185058594,ARC-c,500 ft < OPS < FL600 in Uncontrolled Airspace → ARC-c
102.32845950126648,-6.100726127624512,106.59669494628906,642.5205688476562,13.111440658569336,156.86541748046875,ARC-c,500 ft < OPS < FL600 in Uncontrolled Airspace → ARC-c
102.92642498016357,-6.09995698928833,106.59684753417969,652.5983276367188,16.817340850830078,156.4269256591797,ARC-c,500 ft < OPS < FL600 in Uncontrolled Airspace → ARC-c
103.49191069602966,-6.099138259887695,106.59705352783203,661.6500854492188,21.21963882446289,155.98912048339844,ARC-c,500 ft < OPS < FL600 in Uncontrolled Airspace → ARC-c
104.06202387809753,-6.098377704620361,106.59728240966797,669.5050048828125,25.110301971435547,155.52427673339844,ARC-c,500 ft < OPS < FL600 in Uncontrolled Airspace → ARC-c
104.62864995002747,-6.0976386070251465,106.59754943847656,675.3467407226562,27.706058502197266,155.0439453125,ARC-c,500 ft < OPS < FL600 in Uncontrolled Airspace → ARC-c
105.20180630683899,-6.096903324127197,106.59786224365234,678.9381713867188,29.405181884765625,154.78001403808594,ARC-c,500 ft < OPS < FL600 in Uncontrolled Airspace → ARC-c
105.76393032073975,-6.09619665145874,106.59820556640625,680.851318359375,30.7094783782959,154.6761932373047,ARC-c,500 ft < OPS < FL600 in Uncontrolled Airspace → ARC-c
106.33816313743591,-6.095492362976074,106.59857940673828,682.4238891601562,31.798728942871094,154.5851593017578,ARC-c,500 ft < OPS < FL600 in Uncontrolled Airspace → ARC-c
106.90922212600708,-6.09480619430542,106.5989761352539,684.79443359375,32.77436447143555,154.5101318359375,ARC-c,500 ft < OPS < FL600 in Uncontrolled Airspace → ARC-c
107.47973966598511,-6.094128608703613,106.5993881225586,688.3851928710938,33.811519622802734,154.4773406982422,ARC-c,500 ft < OPS < FL600 in Uncontrolled Airspace → ARC-c
108.04962873458862,-6.09345817565918,106.59980010986328,692.8806762695312,35.122982025146484,154.41598510742188,ARC-c,500 ft < OPS < FL600 in Uncontrolled Airspace → ARC-c
108.61374878883362,-6.092793941497803,106.6002197265625,697.9558715820312,36.54484558105469,154.3376922607422,ARC-c,500 ft < OPS < FL600 in Uncontrolled Airspace → ARC-c
109.17410349845886,-6.092144966125488,106.60064697265625,703.2352905273438,36.467529296875,154.27438354492188,ARC-c,500 ft < OPS < FL600 in Uncontrolled Airspace → ARC-c
109.72940182685852,-6.091506481170654,106.60107421875,708.2091064453125,35.188785552978516,154.27952575683594,ARC-c,500 ft < OPS < FL600 in Uncontrolled Airspace → ARC-c
110.30032229423523,-6.090854167938232,106.60152435302734,712.4010009765625,33.76124954223633,154.3442840576172,ARC-c,500 ft < OPS < FL600 in Uncontrolled Airspace → ARC-c
110.88707613945007,-6.090179920196533,106.60198211669922,715.65576171875,32.8105354309082,154.50460815429688,ARC-c,500 ft < OPS < FL600 in Uncontrolled Airspace → ARC-c
111.45889711380005,-6.08952522277832,106.60243225097656,718.2317504882812,32.58527374267578,154.6689453125,ARC-c,500 ft < OPS < FL600 in Uncontrolled Airspace → ARC-c
112.01853919029236,-6.088877201080322,106.60286712646484,720.8368530273438,32.89816665649414,154.8000030517578,ARC-c,500 ft < OPS < FL600 in Uncontrolled Airspace → ARC-c
112.57914781570435,-6.088226795196533,106.6032943725586,723.720947265625,33.241600036621094,154.9086151123047,ARC-c,500 ft < OPS < FL600 in Uncontrolled Airspace → ARC-c
113.13779735565186,-6.087569713592529,106.60372161865234,726.9081420898438,33.44723129272461,154.98910522460938,ARC-c,500 ft < OPS < FL600 in Uncontrolled Airspace → ARC-c
113.70162343978882,-6.086911201477051,106.60414123535156,730.4830932617188,35.22452163696289,154.9823760986328,ARC-c,500 ft < OPS < FL600 in Uncontrolled Airspace → ARC-c
114.26514863967896,-6.086249351501465,106.60456085205078,734.7205200195312,39.555274963378906,154.80189514160156,ARC-c,500 ft < OPS < FL600 in Uncontrolled Airspace → ARC-c
114.84503698348999,-6.085580825805664,106.6050033569336,739.9271240234375,45.5581169128418,154.41221618652344,ARC-c,500 ft < OPS < FL600 in Uncontrolled Airspace → ARC-c
115.40422821044922,-6.084941387176514,106.6054458618164,745.9840087890625,48.417633056640625,153.7982635498047,ARC-c,500 ft < OPS < FL600 in Uncontrolled Airspace → ARC-c
115.97795486450195,-6.084319591522217,106.60594177246094,751.6568603515625,45.183631896972656,153.39891052246094,ARC-c,500 ft < OPS < FL600 in Uncontrolled Airspace → ARC-c
116.54718732833862,-6.083724498748779,106.60645294189453,754.5624389648438,41.29579162597656,153.5067138671875,ARC-c,500 ft < OPS < FL600 in Uncontrolled Airspace → ARC-c
117.11305046081543,-6.0831403732299805,106.60697937011719,754.0910034179688,40.03934860229492,153.79730224609375,ARC-c,500 ft < OPS < FL600 in Uncontrolled Airspace → ARC-c
117.67821884155273,-6.082563877105713,106.60750579833984,751.1098022460938,39.91183090209961,154.19618225097656,ARC-c,500 ft < OPS < FL600 in Uncontrolled Airspace → ARC-c
118.23064351081848,-6.082008361816406,106.6080322265625,747.1243896484375,39.98837661743164,154.68397521972656,ARC-c,500 ft < OPS < FL600 in Uncontrolled Airspace → ARC-c
118.78484916687012,-6.081448554992676,106.60856628417969,742.6337890625,41.21696472167969,155.3203582763672,ARC-c,500 ft < OPS < FL600 in Uncontrolled Airspace → ARC-c
119.34704947471619,-6.080880641937256,106.6091079711914,737.6131591796875,43.49628829956055,155.97381591796875,ARC-c,500 ft < OPS < FL600 in Uncontrolled Airspace → ARC-c
119.9082498550415,-6.080312252044678,106.60965728759766,732.5225830078125,46.9851188659668,156.484619140625,ARC-c,500 ft < OPS < FL600 in Uncontrolled Airspace → ARC-c
120.48342680931091,-6.079735279083252,106.61022186279297,727.6759643554688,54.15620422363281,156.86090087890625,ARC-c,500 ft < OPS < FL600 in Uncontrolled Airspace → ARC-c
121.05403256416321,-6.0791707038879395,106.61080169677734,723.6357421875,61.13771057128906,156.91551208496094,ARC-c,500 ft < OPS < FL600 in Uncontrolled Airspace → ARC-c
121.6571741104126,-6.078639507293701,106.61141204833984,720.3439331054688,61.57910919189453,156.5839080810547,ARC-c,500 ft < OPS < FL600 in Uncontrolled Airspace → ARC-c
122.2277672290802,-6.078131675720215,106.61209106445312,715.4873046875,56.027767181396484,156.95318603515625,ARC-c,500 ft < OPS < FL600 in Uncontrolled Airspace → ARC-c
122.80192947387695,-6.077663421630859,106.61275482177734,707.2927856445312,55.62018585205078,157.6419677734375,ARC-c,500 ft < OPS < FL600 in Uncontrolled Airspace → ARC-c
123.36104488372803,-6.077227592468262,106.61341857910156,696.9360961914062,58.64872741699219,158.42625427246094,ARC-c,500 ft < OPS < FL600 in Uncontrolled Airspace → ARC-c
