t_sec,lat,lon,alt_m,hdg_deg,spd_mps,grc_dalam kota,arc_label,arc_rute_dalam kota,arc_rule,,,grc_filtered_dalam_kota,,alpha,0.1
0.079545259,-6.142455578,106.6438675,11.86906433,68.20896912,0.029406643,5,ARC-c,2,Inside Soetta (Class A) → ARC-c,,,5,,,
1.266074657,-6.142455578,106.6438675,11.87448788,68.20731354,0.039358787,5,ARC-c,2,Inside Soetta (Class A) → ARC-c,,,5,,,
1.920236588,-6.142455578,106.6438675,11.86815929,68.20779419,0.028848331,5,ARC-c,2,Inside Soetta (Class A) → ARC-c,,,5,,,
2.5893929,-6.142455578,106.6438675,11.86810493,68.20749664,0.003014667,5,ARC-c,2,Inside Soetta (Class A) → ARC-c,,,5,,,
3.27188468,-6.142455578,106.6438675,11.868577,68.207901,0.007676081,5,ARC-c,2,Inside Soetta (Class A) → ARC-c,,,5,,,
4.043096542,-6.142455578,106.6438675,11.86872768,68.20863342,0.011726802,5,ARC-c,2,Inside Soetta (Class A) → ARC-c,,,5,,,
4.689549208,-6.142455578,106.6438675,11.87038231,68.207901,0.046308536,5,ARC-c,2,Inside Soetta (Class A) → ARC-c,,,5,,,
5.365155458,-6.142455578,106.6438675,11.87428665,68.20771027,0.076595686,5,ARC-c,2,Inside Soetta (Class A) → ARC-c,,,5,,,
6.022017717,-6.142455578,106.6438675,11.88662529,68.20910645,0.047921762,5,ARC-c,2,Inside Soetta (Class A) → ARC-c,,,5,,,
6.684095144,-6.142455578,106.6438675,11.88520813,68.20858765,0.205340937,5,ARC-c,2,Inside Soetta (Class A) → ARC-c,,,5,,,
7.487821341,-6.142455578,106.6438675,11.86864376,68.20849609,0.005678061,5,ARC-c,2,Inside Soetta (Class A) → ARC-c,,,5,,,
8.311956644,-6.142455578,106.6438675,11.8693819,68.20767975,0.030250153,5,ARC-c,2,Inside Soetta (Class A) → ARC-c,,,5,,,
9.116974115,-6.142455578,106.6438675,11.87256908,68.2076416,0.073449284,5,ARC-c,2,Inside Soetta (Class A) → ARC-c,,,5,,,
9.960022926,-6.142455578,106.6438675,11.88710785,68.20910645,0.045599345,5,ARC-c,2,Inside Soetta (Class A) → ARC-c,,,5,,,
10.60838652,-6.142455101,106.6438675,11.88852215,68.20422363,0.487633854,5,ARC-c,2,Inside Soetta (Class A) → ARC-c,,,5,,,
11.42844939,-6.142450809,106.6438751,11.87064075,68.14405823,3.200036764,5,ARC-c,2,Inside Soetta (Class A) → ARC-c,,,5,,,
12.07412124,-6.14244175,106.643898,11.87248611,68.07501221,5.333217621,5,ARC-c,2,Inside Soetta (Class A) → ARC-c,,,5,,,
12.7271502,-6.142428398,106.6439362,11.87057209,67.97538757,7.465896606,5,ARC-c,2,Inside Soetta (Class A) → ARC-c,,,5,,,
13.39597225,-6.142409325,106.6439819,11.86521149,67.82775879,9.652549744,5,ARC-c,2,Inside Soetta (Class A) → ARC-c,,,5,,,
14.18682861,-6.142380238,106.6440506,11.86828804,67.59812927,12.20535278,5,ARC-c,2,Inside Soetta (Class A) → ARC-c,,,5,,,
14.82997489,-6.142351627,106.6441269,11.86560917,67.51794434,14.26230621,5,ARC-c,2,Inside Soetta (Class A) → ARC-c,,,5,,,
15.48816657,-6.142317772,106.6442108,11.86644459,67.5250473,16.34744835,5,ARC-c,2,Inside Soetta (Class A) → ARC-c,,,5,,,
16.17875338,-6.142276764,106.64431,11.86905384,67.57949829,18.51316071,5,ARC-c,2,Inside Soetta (Class A) → ARC-c,,,5,,,
17.02608466,-6.14222002,106.6444473,11.86286545,67.60876465,21.13911629,5,ARC-c,2,Inside Soetta (Class A) → ARC-c,,,5,,,
17.81632209,-6.142159939,106.6445923,11.85439777,67.52281952,23.55707741,5,ARC-c,2,Inside Soetta (Class A) → ARC-c,,,5,,,
18.59387445,-6.142094135,106.6447525,11.86591625,67.39588928,25.88009262,5,ARC-c,2,Inside Soetta (Class A) → ARC-c,,,5,,,
19.26115513,-6.142032623,106.6449051,11.85856628,67.23160553,27.88752747,5,ARC-c,2,Inside Soetta (Class A) → ARC-c,,,5,,,
20.04238367,-6.141954422,106.6450882,11.86322498,67.03401947,30.18070984,5,ARC-c,2,Inside Soetta (Class A) → ARC-c,,,5,,,
20.69394183,-6.14188385,106.645256,11.8561039,66.8688736,32.06229019,5,ARC-c,2,Inside Soetta (Class A) → ARC-c,,,5,,,
21.46620369,-6.141793728,106.6454697,11.85996246,66.69103241,34.26011276,5,ARC-c,2,Inside Soetta (Class A) → ARC-c,,,5,,,
22.24706817,-6.141696453,106.6456985,11.85964775,66.53649902,36.44646835,5,ARC-c,2,Inside Soetta (Class A) → ARC-c,,,5,,,
23.02323794,-6.141592503,106.6459427,11.85830498,67.30088806,38.57887268,5,ARC-c,2,Inside Soetta (Class A) → ARC-c,,,5,,,
23.79645538,-6.141486645,106.6461945,11.85134983,68.32110596,40.65457916,5,ARC-c,2,Inside Soetta (Class A) → ARC-c,,,5,,,
24.6001935,-6.141376495,106.6464767,11.85098934,69.1669693,42.77156067,5,ARC-c,2,Inside Soetta (Class A) → ARC-c,,,5,,,
25.25829172,-6.141283512,106.6467133,11.85566425,69.13436127,44.49200439,5,ARC-c,2,Inside Soetta (Class A) → ARC-c,,,5,,,
26.03644753,-6.141171455,106.6470108,11.85556221,69.06591797,46.47940445,5,ARC-c,2,Inside Soetta (Class A) → ARC-c,,,5,,,
26.81238461,-6.141053677,106.6473236,11.85303879,69.00845337,48.42003632,5,ARC-c,2,Inside Soetta (Class A) → ARC-c,,,5,,,
27.57730556,-6.14093256,106.647644,11.85914707,68.92021942,50.29711151,5,ARC-c,2,Inside Soetta (Class A) → ARC-c,,,5,,,
28.35773158,-6.140803814,106.6479797,11.85360527,68.83512878,52.17282104,5,ARC-c,2,Inside Soetta (Class A) → ARC-c,,,5,,,
29.11559367,-6.140674114,106.6483154,11.85022354,68.75974274,53.95218277,3,ARC-c,2,Inside Soetta (Class A) → ARC-c,,,4.8,,,
29.89520431,-6.140533924,106.6486816,11.94758511,68.63961792,55.80906677,3,ARC-c,2,Inside Soetta (Class A) → ARC-c,,,4.62,,,
30.55310607,-6.140412807,106.6489944,11.92052269,68.60041046,57.44364929,3,ARC-c,2,Inside Soetta (Class A) → ARC-c,,,4.458,,,
31.19917965,-6.140290737,106.6493073,11.90702629,68.52289581,58.96754837,5,ARC-c,2,Inside Soetta (Class A) → ARC-c,,,4.5122,,,
31.97305489,-6.14013958,106.6496964,11.95522213,68.45503235,60.82342911,5,ARC-c,2,Inside Soetta (Class A) → ARC-c,,,4.56098,,,
32.73310828,-6.139986038,106.6500931,11.98161507,68.37680817,62.61290741,5,ARC-c,2,Inside Soetta (Class A) → ARC-c,,,4.604882,,,
33.37934828,-6.139851093,106.6504364,12.0352726,68.31814575,64.12190247,5,ARC-c,2,Inside Soetta (Class A) → ARC-c,,,4.6443938,,,
34.1683259,-6.13968277,106.6508636,12.05438423,68.25505066,65.92844391,4,ARC-c,2,Inside Soetta (Class A) → ARC-c,,,4.57995442,,,
34.95012903,-6.139510632,106.6512985,12.61943626,68.15365601,67.58657074,5,ARC-c,2,Inside Soetta (Class A) → ARC-c,,,4.621958978,,,
35.73792601,-6.139331818,106.6517563,13.67796135,67.98712158,69.17383575,5,ARC-c,2,Inside Soetta (Class A) → ARC-c,,,4.65976308,,,
36.51580739,-6.139149189,106.6522064,14.51567173,67.7589035,70.74787903,3,ARC-c,2,Inside Soetta (Class A) → ARC-c,,,4.493786772,,,
37.32785177,-6.138953686,106.6526947,15.1331501,67.51159668,72.38922119,3,ARC-c,2,Inside Soetta (Class A) → ARC-c,,,4.344408095,,,
38.09574723,-6.138760567,106.6531677,15.46785736,67.24292755,73.94457245,3,ARC-c,2,Inside Soetta (Class A) → ARC-c,,,4.209967285,,,
38.87075782,-6.138562202,106.6536484,15.92457104,66.93978119,75.4458313,3,ARC-c,2,Inside Soetta (Class A) → ARC-c,,,4.088970557,,,
39.63396478,-6.138348103,106.6541519,16.99266052,66.5901947,76.87927246,3,ARC-c,2,Inside Soetta (Class A) → ARC-c,,,3.980073501,,,
40.4113369,-6.13813448,106.6546555,18.8567524,66.35919189,78.15362549,3,ARC-c,2,Inside Soetta (Class A) → ARC-c,,,3.882066151,,,
41.18189406,-6.137917042,106.655159,21.50248337,66.35197449,79.40414429,3,ARC-c,2,Inside Soetta (Class A) → ARC-c,,,3.793859536,,,
41.93992162,-6.137701511,106.6556549,25.1196003,66.49780273,80.66347504,3,ARC-c,2,Inside Soetta (Class A) → ARC-c,,,3.714473582,,,
42.70792961,-6.137480736,106.6561737,30.02268791,66.80354309,81.78517151,3,ARC-c,2,Inside Soetta (Class A) → ARC-c,,,3.643026224,,,
43.49024558,-6.137256622,106.6567078,36.41282654,67.28901672,82.74738312,3,ARC-c,2,Inside Soetta (Class A) → ARC-c,,,3.578723602,,,
44.2465353,-6.13704586,106.6572342,44.05138397,67.8584671,83.51148987,3,ARC-c,2,Inside Soetta (Class A) → ARC-c,,,3.520851242,,,
45.02305007,-6.136825562,106.6577759,53.20300674,68.30044556,84.14685822,3,ARC-c,2,Inside Soetta (Class A) → ARC-c,,,3.468766117,,,
45.67788887,-6.136650562,106.658226,61.77959442,68.42998505,84.56058502,3,ARC-c,2,Inside Soetta (Class A) → ARC-c,,,3.421889506,,,
46.34537721,-6.136467457,106.6586914,71.47097015,68.39115143,84.91514587,5,ARC-c,2,Inside Soetta (Class A) → ARC-c,,,3.579700555,,,
47.12406969,-6.136253834,106.6592407,83.33305359,68.28504944,85.26455688,3,ARC-c,2,Inside Soetta (Class A) → ARC-c,,,3.5217305,,,
47.77305651,-6.136080265,106.6596909,93.41744232,68.15769958,85.51416779,3,ARC-c,2,Inside Soetta (Class A) → ARC-c,,,3.46955745,,,
48.56081295,-6.135861397,106.6602478,106.0528564,67.94948578,85.81486511,3,ARC-c,2,Inside Soetta (Class A) → ARC-c,,,3.422601705,,,
49.33427858,-6.135642052,106.6607971,118.2433014,67.77282715,86.15756989,3,ARC-c,2,Inside Soetta (Class A) → ARC-c,,,3.380341534,,,
50.1120944,-6.135418892,106.6613464,129.7976074,67.644104,86.58235168,3,ARC-c,2,Inside Soetta (Class A) → ARC-c,,,3.342307381,,,
50.80492854,-6.135218143,106.6618423,139.4598236,67.56725311,87.03296661,4,ARC-c,2,Inside Soetta (Class A) → ARC-c,,,3.408076643,,,
51.61511874,-6.134980679,106.6624298,149.955719,67.53207397,87.64785767,4,ARC-c,2,Inside Soetta (Class A) → ARC-c,,,3.467268978,,,
52.26523304,-6.134788513,106.6628952,157.7636414,67.55900574,88.20063019,5,ARC-c,2,Inside Soetta (Class A) → ARC-c,,,3.620542081,,,
52.91970086,-6.134587288,106.6633911,165.4007416,67.65534973,88.79716492,5,ARC-c,2,Inside Soetta (Class A) → ARC-c,,,3.758487873,,,
53.69037223,-6.134356976,106.6639633,173.9731598,68.08760071,89.50191498,3,ARC-c,2,Inside Soetta (Class A) → ARC-c,,,3.682639085,,,
54.33783412,-6.134163857,106.664444,181.3673401,69.6227951,90.04679871,3,ARC-c,2,Inside Soetta (Class A) → ARC-c,,,3.614375177,,,
54.9884584,-6.133975029,106.6649323,189.2267456,74.61629486,90.43384552,4,ARC-c,2,Inside Soetta (Class A) → ARC-c,,,3.652937659,,,
55.67880416,-6.1337924,106.665451,198.4155731,77.15221405,90.63991547,5,ARC-c,2,Inside Soetta (Class A) → ARC-c,,,3.787643893,,,
56.47100759,-6.133607388,106.666069,210.1373596,80.64791107,90.77599335,5,ARC-c,2,Inside Soetta (Class A) → ARC-c,,,3.908879504,,,
57.28006053,-6.133464813,106.6667099,222.3046417,84.76507568,90.89454651,5,ARC-c,2,Inside Soetta (Class A) → ARC-c,,,4.017991553,,,
58.04555702,-6.133376598,106.6673431,233.5088196,87.21555328,91.16542816,5,ARC-c,2,Inside Soetta (Class A) → ARC-c,,,4.116192398,,,
58.83380032,-6.133338451,106.6679916,243.6110382,90.91117859,91.65617371,3,ARC-c,2,Inside Soetta (Class A) → ARC-c,,,4.004573158,,,
59.63069391,-6.133348942,106.6686249,252.5714111,95.37089539,92.25426483,3,ARC-c,2,Inside Soetta (Class A) → ARC-c,,,3.904115842,,,
60.39823627,-6.133414268,106.6693039,260.8857422,99.84480286,92.96121979,3,ARC-c,2,Inside Soetta (Class A) → ARC-c,,,3.813704258,,,
61.16799784,-6.133526325,106.6699371,267.7368774,103.4496841,93.76013184,3,ARC-c,2,Inside Soetta (Class A) → ARC-c,,,3.732333832,,,
61.94092774,-6.133684635,106.6705704,273.8308716,107.1458282,94.6471405,6,ARC-c,2,Inside Soetta (Class A) → ARC-c,,,3.959100449,,,
62.71820378,-6.133888721,106.6712036,279.2841797,111.4025955,95.59452057,6,ARC-c,2,Inside Soetta (Class A) → ARC-c,,,4.163190404,,,
63.49203062,-6.13413763,106.6718216,284.1643677,115.4666672,96.57948303,7,ARC-c,2,Inside Soetta (Class A) → ARC-c,,,4.446871364,,,
64.29794502,-6.134442329,106.6724548,288.4987183,119.5007629,97.66664886,7,ARC-c,2,Inside Soetta (Class A) → ARC-c,,,4.702184227,,,
65.0617969,-6.13477993,106.6730423,291.8302002,123.3802948,98.76985168,7,ARC-c,2,Inside Soetta (Class A) → ARC-c,,,4.931965805,,,
65.82976222,-6.135159492,106.6736145,294.3484802,127.0522385,99.94055176,7,ARC-c,2,Inside Soetta (Class A) → ARC-c,,,5.138769224,,,
66.62920618,-6.135601044,106.6741867,296.0610962,130.1634369,101.2455139,7,ARC-c,2,Inside Soetta (Class A) → ARC-c,,,5.324892302,,,
67.41468263,-6.136065006,106.6747284,296.8493347,131.9674835,102.6232605,7,ARC-c,2,Inside Soetta (Class A) → ARC-c,,,5.492403072,,,
68.21591973,-6.136565685,106.6752701,296.3642883,133.3481445,104.1578598,7,ARC-c,2,Inside Soetta (Class A) → ARC-c,,,5.643162764,,,
69.02784848,-6.137083054,106.6758118,294.9009705,134.5047455,105.7365036,7,ARC-c,2,Inside Soetta (Class A) → ARC-c,,,5.778846488,,,
69.82580066,-6.137633801,106.6763687,294.1188049,135.1062317,107.1933212,6,ARC-c,2,Inside Soetta (Class A) → ARC-c,,,5.800961839,,,
70.63579726,-6.138191223,106.6769257,294.3387756,135.3689117,108.5623093,6,ARC-c,2,Inside Soetta (Class A) → ARC-c,,,5.820865655,,,
71.43917418,-6.138734341,106.6774673,294.9166565,135.5742798,109.853447,7,ARC-c,2,Inside Soetta (Class A) → ARC-c,,,5.93877909,,,
72.23171353,-6.139310837,106.6780319,295.7205811,135.7023315,111.1163559,7,ARC-c,2,Inside Soetta (Class A) → ARC-c,,,6.044901181,,,
73.0168128,-6.139874458,106.6785889,296.8477783,135.7303314,112.2783966,7,ARC-c,2,Inside Soetta (Class A) → ARC-c,,,6.140411063,,,
73.83805037,-6.140456676,106.6791687,299.3009033,135.7535095,113.3643265,7,ARC-c,2,Inside Soetta (Class A) → ARC-c,,,6.226369956,,,
74.62500286,-6.14104414,106.6797409,301.8271484,135.72966,114.4096603,7,ARC-c,2,Inside Soetta (Class A) → ARC-c,,,6.303732961,,,
75.42934895,-6.141640663,106.6803284,303.6642151,135.7457581,115.5206757,7,ARC-c,2,Inside Soetta (Class A) → ARC-c,,,6.373359665,,,
76.21225595,-6.142213821,106.6808929,304.7846375,135.7940063,116.6345444,7,ARC-c,2,Inside Soetta (Class A) → ARC-c,,,6.436023698,,,
77.05016899,-6.142849445,106.6815186,305.4122925,135.7684021,117.8342133,7,ARC-c,2,Inside Soetta (Class A) → ARC-c,,,6.492421328,,,
77.82205248,-6.143443108,106.6820984,306.9538269,135.7722168,118.830925,7,ARC-c,2,Inside Soetta (Class A) → ARC-c,,,6.543179196,,,
78.59699035,-6.144041061,106.6826859,308.8997498,135.7543793,119.8004303,7,ARC-c,2,Inside Soetta (Class A) → ARC-c,,,6.588861276,,,
79.39391446,-6.144658089,106.6832886,310.7627258,135.7082977,120.7854843,7,ARC-c,2,Inside Soetta (Class A) → ARC-c,,,6.629975148,,,
80.16668391,-6.14525795,106.683876,312.6867371,135.6781158,121.7082596,7,ARC-c,2,Inside Soetta (Class A) → ARC-c,,,6.666977634,,,
80.96370649,-6.145867348,106.6844788,314.967804,135.5796051,122.6192551,7,ARC-c,2,Inside Soetta (Class A) → ARC-c,,,6.70027987,,,
81.7530818,-6.146507263,106.685112,316.8124695,135.4711304,123.559288,7,ARC-c,2,Inside Soetta (Class A) → ARC-c,,,6.730251883,,,
82.39719129,-6.147018909,106.6856232,317.7356873,135.3585358,124.3505402,7,ARC-c,2,Inside Soetta (Class A) → ARC-c,,,6.757226695,,,
83.19211888,-6.147652626,106.6862564,318.7254944,135.1154175,125.3054123,7,ARC-c,2,Inside Soetta (Class A) → ARC-c,,,6.781504025,,,
83.95252419,-6.148258686,106.6868591,320.4469299,134.9546204,126.139946,7,ARC-c,2,Inside Soetta (Class A) → ARC-c,,,6.803353623,,,
84.72388244,-6.148875713,106.6874924,322.5717468,134.8381653,126.952713,7,ARC-c,2,Inside Soetta (Class A) → ARC-c,,,6.823018261,,,
85.52867508,-6.149521828,106.6881485,324.1556091,134.7512512,127.8374481,7,ARC-c,2,Inside Soetta (Class A) → ARC-c,,,6.840716435,,,
86.28765512,-6.150139332,106.6887741,324.7680054,134.7055359,128.7250214,7,ARC-c,2,Inside Soetta (Class A) → ARC-c,,,6.856644791,,,
86.93782616,-6.150670528,106.6893158,324.6317749,134.6991577,129.5187988,6,ARC-c,2,Inside Soetta (Class A) → ARC-c,,,6.770980312,,,
87.73966098,-6.151324749,106.6899872,324.2640991,134.629776,130.480484,7,ARC-c,2,500 ft < OPS < FL600 in Uncontrolled Airspace → ARC-c,,,6.793882281,,,
88.50811124,-6.151955128,106.6906281,324.3934631,134.5663605,131.3424377,7,ARC-c,2,500 ft < OPS < FL600 in Uncontrolled Airspace → ARC-c,,,6.814494053,,,
89.29488826,-6.152589798,106.6912766,325.3586731,134.4931488,132.1384888,7,ARC-c,2,500 ft < OPS < FL600 in Uncontrolled Airspace → ARC-c,,,6.833044647,,,
90.05477285,-6.153244972,106.6919479,327.0354919,134.436554,132.8550415,7,ARC-c,2,500 ft < OPS < FL600 in Uncontrolled Airspace → ARC-c,,,6.849740183,,,
90.704108,-6.153790474,106.6925125,328.6127319,134.3702545,133.4450226,7,ARC-c,2,500 ft < OPS < FL600 in Uncontrolled Airspace → ARC-c,,,6.864766164,,,
91.45618916,-6.154417515,106.6931534,330.3307495,134.3108063,134.1208038,7,ARC-c,2,500 ft < OPS < FL600 in Uncontrolled Airspace → ARC-c,,,6.878289548,,,
92.20672107,-6.155049801,106.6938095,332.1616821,134.2197571,134.7707367,7,ARC-c,2,500 ft < OPS < FL600 in Uncontrolled Airspace → ARC-c,,,6.890460593,,,
92.84215331,-6.155585289,106.6943665,333.9813843,134.1270447,135.2915955,7,ARC-c,2,500 ft < OPS < FL600 in Uncontrolled Airspace → ARC-c,,,6.901414534,,,
93.49089956,-6.156130314,106.694931,336.1585388,134.0484314,135.7902374,7,ARC-c,2,500 ft < OPS < FL600 in Uncontrolled Airspace → ARC-c,,,6.91127308,,,
94.26407456,-6.156787395,106.6956177,338.9656677,133.8922729,136.3603668,6,ARC-c,2,500 ft < OPS < FL600 in Uncontrolled Airspace → ARC-c,,,6.820145772,,,
95.01225042,-6.157427788,106.6962891,342.171051,133.7214508,136.8644409,7,ARC-c,2,500 ft < OPS < FL600 in Uncontrolled Airspace → ARC-c,,,6.838131195,,,
95.76879287,-6.158066273,106.6969681,345.963501,133.5433807,137.3255615,7,ARC-c,2,500 ft < OPS < FL600 in Uncontrolled Airspace → ARC-c,,,6.854318076,,,
96.55030441,-6.158731461,106.69767,350.1113586,133.3748627,137.7788391,7,ARC-c,2,500 ft < OPS < FL600 in Uncontrolled Airspace → ARC-c,,,6.868886268,,,
97.33027434,-6.159391403,106.6983795,354.2319031,133.2656708,138.2303009,6,ARC-c,2,500 ft < OPS < FL600 in Uncontrolled Airspace → ARC-c,,,6.781997641,,,
98.11433482,-6.160055161,106.6990891,356.8283386,133.1236725,138.7870636,7,ARC-c,2,500 ft < OPS < FL600 in Uncontrolled Airspace → ARC-c,,,6.803797877,,,
98.87772775,-6.160706043,106.699791,358.401001,132.9794617,139.3799438,7,ARC-c,2,500 ft < OPS < FL600 in Uncontrolled Airspace → ARC-c,,,6.823418089,,,
99.5208745,-6.161254406,106.700386,359.4820251,132.8606567,139.8824463,7,ARC-c,2,500 ft < OPS < FL600 in Uncontrolled Airspace → ARC-c,,,6.84107628,,,
100.3143265,-6.161933899,106.7011261,360.9060669,132.7949982,140.485199,6,ARC-c,2,500 ft < OPS < FL600 in Uncontrolled Airspace → ARC-c,,,6.756968652,,,
101.083905,-6.162624359,106.7018738,362.1535339,132.7628937,141.0954285,7,ARC-c,2,500 ft < OPS < FL600 in Uncontrolled Airspace → ARC-c,,,6.781271787,,,
101.856061,-6.163310528,106.7026215,363.2387695,132.64505,141.6963043,7,ARC-c,2,500 ft < OPS < FL600 in Uncontrolled Airspace → ARC-c,,,6.803144608,,,
102.6338191,-6.163982868,106.7033539,364.3139954,132.5033875,142.2701874,7,ARC-c,2,500 ft < OPS < FL600 in Uncontrolled Airspace → ARC-c,,,6.822830148,,,
103.4428236,-6.164654255,106.7041016,365.4534912,132.3441772,142.8383331,7,ARC-c,2,500 ft < OPS < FL600 in Uncontrolled Airspace → ARC-c,,,6.840547133,,,
104.4397759,-6.165038586,106.7045517,366.2081909,132.2500763,143.1739807,7,ARC-c,2,500 ft < OPS < FL600 in Uncontrolled Airspace → ARC-c,,,6.85649242,,,
105.1057298,-6.165669918,106.7052155,367.4894714,132.1224213,143.6149139,7,ARC-c,2,500 ft < OPS < FL600 in Uncontrolled Airspace → ARC-c,,,6.870843178,,,
105.8770154,-6.16633606,106.7059631,369.8865967,131.9181519,144.0380096,7,ARC-c,2,500 ft < OPS < FL600 in Uncontrolled Airspace → ARC-c,,,6.88375886,,,
106.6421289,-6.166996956,106.7067032,373.0393372,131.7737885,144.4109955,7,ARC-c,2,500 ft < OPS < FL600 in Uncontrolled Airspace → ARC-c,,,6.895382974,,,
107.4216104,-6.167667389,106.7074585,375.895813,131.6552429,144.8093109,7,ARC-c,2,500 ft < OPS < FL600 in Uncontrolled Airspace → ARC-c,,,6.905844676,,,
108.0668027,-6.168221951,106.7080917,377.8199463,131.5776367,145.1598206,7,ARC-c,2,500 ft < OPS < FL600 in Uncontrolled Airspace → ARC-c,,,6.915260209,,,
108.8948302,-6.168939114,106.7089081,379.9903259,131.471756,145.619751,7,ARC-c,2,500 ft < OPS < FL600 in Uncontrolled Airspace → ARC-c,,,6.923734188,,,
109.5330117,-6.169499874,106.7095413,381.5852356,131.4128113,145.9747162,7,ARC-c,2,500 ft < OPS < FL600 in Uncontrolled Airspace → ARC-c,,,6.931360769,,,
110.170754,-6.170055389,106.7101746,383.0220642,131.3578339,146.3305664,6,ARC-c,2,500 ft < OPS < FL600 in Uncontrolled Airspace → ARC-c,,,6.838224692,,,
110.971735,-6.170750618,106.710968,384.8247681,131.2500153,146.7670746,7,ARC-c,2,500 ft < OPS < FL600 in Uncontrolled Airspace → ARC-c,,,6.854402223,,,
111.7367156,-6.171409607,106.711731,386.4490356,131.1624451,147.1809082,7,ARC-c,2,500 ft < OPS < FL600 in Uncontrolled Airspace → ARC-c,,,6.868962001,,,
112.4998293,-6.172072411,106.7124939,388.0100403,131.0489655,147.5877228,7,ARC-c,2,500 ft < OPS < FL600 in Uncontrolled Airspace → ARC-c,,,6.882065801,,,
113.1408403,-6.172635555,106.7131424,389.4615479,130.9507294,147.9131775,7,ARC-c,2,500 ft < OPS < FL600 in Uncontrolled Airspace → ARC-c,,,6.893859221,,,
113.9245307,-6.173314571,106.7139359,391.5207214,130.8873749,148.2842407,7,ARC-c,2,500 ft < OPS < FL600 in Uncontrolled Airspace → ARC-c,,,6.904473299,,,
114.6879156,-6.173981667,106.7147064,393.3624878,130.8101044,148.6478271,7,ARC-c,2,500 ft < OPS < FL600 in Uncontrolled Airspace → ARC-c,,,6.914025969,,,
115.472352,-6.174665928,106.7155075,396.4681091,130.7608795,148.9183197,7,ARC-c,2,500 ft < OPS < FL600 in Uncontrolled Airspace → ARC-c,,,6.922623372,,,
116.2461908,-6.175347328,106.716301,400.5762939,130.7244263,149.1302948,7,ARC-c,2,500 ft < OPS < FL600 in Uncontrolled Airspace → ARC-c,,,6.930361035,,,
117.0222991,-6.176028252,106.7170944,404.6878662,130.6661835,149.3360291,7,ARC-c,2,500 ft < OPS < FL600 in Uncontrolled Airspace → ARC-c,,,6.937324931,,,
117.8126626,-6.176713943,106.7178955,408.9936829,130.5917206,149.5317535,7,ARC-c,2,500 ft < OPS < FL600 in Uncontrolled Airspace → ARC-c,,,6.943592438,,,
118.4570897,-6.177277088,106.7185593,412.4307861,130.5036316,149.6952057,7,ARC-c,2,500 ft < OPS < FL600 in Uncontrolled Airspace → ARC-c,,,6.949233194,,,
119.2269878,-6.177948952,106.7193451,417.0229187,130.3735657,149.845871,7,ARC-c,2,500 ft < OPS < FL600 in Uncontrolled Airspace → ARC-c,,,6.954309875,,,
120.012439,-6.178634644,106.7201614,422.8728638,130.2069244,149.921402,7,ARC-c,2,500 ft < OPS < FL600 in Uncontrolled Airspace → ARC-c,,,6.958878887,,,
120.7776871,-6.179301262,106.7209549,429.6177063,130.0425415,149.9330292,7,ARC-c,2,500 ft < OPS < FL600 in Uncontrolled Airspace → ARC-c,,,6.962990999,,,
121.5672741,-6.179984093,106.7217712,436.4930725,129.8647766,149.9505005,7,ARC-c,2,500 ft < OPS < FL600 in Uncontrolled Airspace → ARC-c,,,6.966691899,,,
122.1998005,-6.180531025,106.7224274,441.7492676,129.7457733,149.9876404,7,ARC-c,2,500 ft < OPS < FL600 in Uncontrolled Airspace → ARC-c,,,6.970022709,,,
122.9815426,-6.181203365,106.7232437,446.7403259,129.601532,150.1303864,7,ARC-c,2,500 ft < OPS < FL600 in Uncontrolled Airspace → ARC-c,,,6.973020438,,,
123.748451,-6.18185997,106.7240448,450.2729492,129.4934692,150.3509674,7,ARC-c,2,500 ft < OPS < FL600 in Uncontrolled Airspace → ARC-c,,,6.975718394,,,
124.542665,-6.18256855,106.7249069,452.989502,129.4074097,150.6528625,6,ARC-c,2,500 ft < OPS < FL600 in Uncontrolled Airspace → ARC-c,,,6.878146555,,,
125.3160338,-6.183263779,106.7257614,454.6327515,129.3238525,150.9968567,7,ARC-c,2,500 ft < OPS < FL600 in Uncontrolled Airspace → ARC-c,,,6.890331899,,,
126.0785835,-6.183917999,106.7265625,456.8214111,129.2829437,151.2745514,7,ARC-c,2,500 ft < OPS < FL600 in Uncontrolled Airspace → ARC-c,,,6.901298709,,,
126.7339118,-6.184482098,106.7272568,458.8688049,129.2343445,151.4982452,7,ARC-c,2,500 ft < OPS < FL600 in Uncontrolled Airspace → ARC-c,,,6.911168838,,,
127.5245411,-6.185162067,106.728096,461.475708,129.1513519,151.7536621,7,ARC-c,2,500 ft < OPS < FL600 in Uncontrolled Airspace → ARC-c,,,6.920051955,,,
128.3038063,-6.185833931,106.72892,464.2810059,129.0942535,151.9842987,6,ARC-c,2,500 ft < OPS < FL600 in Uncontrolled Airspace → ARC-c,,,6.828046759,,,
129.0766988,-6.186499119,106.729744,467.2254639,129.0488434,152.1999512,7,ARC-c,2,500 ft < OPS < FL600 in Uncontrolled Airspace → ARC-c,,,6.845242083,,,
129.7520523,-6.187065601,106.7304535,469.6110535,129.0419312,152.394455,6,ARC-c,2,500 ft < OPS < FL600 in Uncontrolled Airspace → ARC-c,,,6.760717875,,,
130.5689273,-6.18778944,106.7313385,472.7489319,129.0133667,152.6102448,6,ARC-c,2,500 ft < OPS < FL600 in Uncontrolled Airspace → ARC-c,,,6.684646087,,,
131.3417177,-6.18845892,106.7321701,475.8881836,128.9867554,152.7982941,6,ARC-c,2,500 ft < OPS < FL600 in Uncontrolled Airspace → ARC-c,,,6.616181479,,,
132.1086802,-6.189140797,106.733017,479.1741333,128.9141235,152.9838562,7,ARC-c,2,500 ft < OPS < FL600 in Uncontrolled Airspace → ARC-c,,,6.654563331,,,
132.7427685,-6.189686775,106.733696,481.6689758,128.8406372,153.1369019,7,ARC-c,2,500 ft < OPS < FL600 in Uncontrolled Airspace → ARC-c,,,6.689106998,,,
133.5452952,-6.190386295,106.7345734,484.7505493,128.710434,153.3332825,6,ARC-c,2,500 ft < OPS < FL600 in Uncontrolled Airspace → ARC-c,,,6.620196298,,,
134.3481345,-6.191082478,106.7354431,487.8629456,128.5845947,153.5246887,6,ARC-c,2,500 ft < OPS < FL600 in Uncontrolled Airspace → ARC-c,,,6.558176668,,,
135.1418307,-6.191768169,106.7363129,490.8867188,128.4354095,153.7097931,7,ARC-c,2,500 ft < OPS < FL600 in Uncontrolled Airspace → ARC-c,,,6.602359001,,,
135.9178743,-6.192429066,106.7371521,494.0456543,128.2961578,153.8699188,7,ARC-c,2,500 ft < OPS < FL600 in Uncontrolled Airspace → ARC-c,,,6.642123101,,,
136.718765,-6.193114281,106.7380295,497.6781311,128.1692657,154.0094757,7,ARC-c,2,500 ft < OPS < FL600 in Uncontrolled Airspace → ARC-c,,,6.677910791,,,
137.5205572,-6.193799973,106.7388992,501.6195679,128.0456848,154.1260376,8,ARC-c,2,500 ft < OPS < FL600 in Uncontrolled Airspace → ARC-c,,,6.810119712,,,
138.3407018,-6.194502354,106.7398071,505.7931824,127.954216,154.2377625,7,ARC-c,2,500 ft < OPS < FL600 in Uncontrolled Airspace → ARC-c,,,6.829107741,,,
139.1489296,-6.195183277,106.7406845,509.8952637,127.8879471,154.3414154,7,ARC-c,2,500 ft < OPS < FL600 in Uncontrolled Airspace → ARC-c,,,6.846196967,,,
139.7938502,-6.195739746,106.7414017,513.3457642,127.8458862,154.412735,7,ARC-c,2,500 ft < OPS < FL600 in Uncontrolled Airspace → ARC-c,,,6.86157727,,,
140.6106222,-6.196430683,106.7422943,518.1680298,127.8144684,154.4709778,7,ARC-c,2,500 ft < OPS < FL600 in Uncontrolled Airspace → ARC-c,,,6.875419543,,,
141.386914,-6.197095394,106.7431564,522.8908081,127.9111557,154.5181885,7,ARC-c,2,500 ft < OPS < FL600 in Uncontrolled Airspace → ARC-c,,,6.887877589,,,
142.0334983,-6.197642803,106.743866,526.8261719,127.9936676,154.555542,7,ARC-c,2,500 ft < OPS < FL600 in Uncontrolled Airspace → ARC-c,,,6.89908983,,,
142.8007329,-6.198299408,106.7447128,530.9725952,127.9329605,154.6376495,7,ARC-c,2,500 ft < OPS < FL600 in Uncontrolled Airspace → ARC-c,,,6.909180847,,,
143.5729041,-6.198958397,106.7455597,534.0803833,127.9239578,154.784317,7,ARC-c,2,500 ft < OPS < FL600 in Uncontrolled Airspace → ARC-c,,,6.918262762,,,
144.3673432,-6.199636459,106.7464371,536.2611694,127.9127731,154.9970703,7,ARC-c,2,500 ft < OPS < FL600 in Uncontrolled Airspace → ARC-c,,,6.926436486,,,
145.1562707,-6.200311184,106.7473068,536.8492432,127.8748322,155.299057,7,ARC-c,2,500 ft < OPS < FL600 in Uncontrolled Airspace → ARC-c,,,6.933792837,,,
145.8056767,-6.200864792,106.748024,537.6758423,127.8515167,155.5086975,7,ARC-c,2,500 ft < OPS < FL600 in Uncontrolled Airspace → ARC-c,,,6.940413554,,,
146.6034682,-6.201550484,106.748909,539.6337891,127.8328705,155.7102814,7,ARC-c,2,500 ft < OPS < FL600 in Uncontrolled Airspace → ARC-c,,,6.946372198,,,
147.3896818,-6.202231884,106.749794,541.9360962,127.7975693,155.884903,7,ARC-c,2,500 ft < OPS < FL600 in Uncontrolled Airspace → ARC-c,,,6.951734978,,,
148.1574502,-6.202893257,106.7506485,544.1567993,127.7568893,156.053894,7,ARC-c,2,500 ft < OPS < FL600 in Uncontrolled Airspace → ARC-c,,,6.956561481,,,
148.9400361,-6.203564644,106.7515182,546.2285767,127.7388458,156.2339478,7,ARC-c,2,500 ft < OPS < FL600 in Uncontrolled Airspace → ARC-c,,,6.960905333,,,
149.6158276,-6.204140663,106.7522659,547.8792725,127.6754074,156.3930817,7,ARC-c,2,500 ft < OPS < FL600 in Uncontrolled Airspace → ARC-c,,,6.964814799,,,
150.2627237,-6.204692841,106.7529907,549.5050049,127.6261368,156.5369263,7,ARC-c,2,500 ft < OPS < FL600 in Uncontrolled Airspace → ARC-c,,,6.968333319,,,
151.0880725,-6.205400467,106.7539139,552.282959,127.5164413,156.6700745,7,ARC-c,2,500 ft < OPS < FL600 in Uncontrolled Airspace → ARC-c,,,6.971499987,,,
151.7366216,-6.20595789,106.7546463,555.2844849,127.3944931,156.7201691,7,ARC-c,2,500 ft < OPS < FL600 in Uncontrolled Airspace → ARC-c,,,6.974349989,,,
152.3807268,-6.206509113,106.7553711,559.1977539,127.2947083,156.7110138,7,ARC-c,2,500 ft < OPS < FL600 in Uncontrolled Airspace → ARC-c,,,6.97691499,,,
153.1810081,-6.207194328,106.7562714,564.9005737,127.1607666,156.6571198,7,ARC-c,2,500 ft < OPS < FL600 in Uncontrolled Airspace → ARC-c,,,6.979223491,,,
153.8138931,-6.207733154,106.7569885,569.1332397,127.0710754,156.6337128,7,ARC-c,2,500 ft < OPS < FL600 in Uncontrolled Airspace → ARC-c,,,6.981301142,,,
154.6038024,-6.208396435,106.7578735,574.0475464,126.9717865,156.628952,7,ARC-c,2,500 ft < OPS < FL600 in Uncontrolled Airspace → ARC-c,,,6.983171028,,,
155.2534776,-6.208948135,106.7586136,577.6080933,126.9067383,156.6538696,7,ARC-c,2,500 ft < OPS < FL600 in Uncontrolled Airspace → ARC-c,,,6.984853925,,,
156.0616751,-6.209621906,106.7595139,581.7122192,126.8774261,156.7001038,7,ARC-c,2,500 ft < OPS < FL600 in Uncontrolled Airspace → ARC-c,,,6.986368532,,,
156.8305342,-6.210282803,106.7603989,585.4481201,126.8408813,156.7582245,7,ARC-c,2,500 ft < OPS < FL600 in Uncontrolled Airspace → ARC-c,,,6.987731679,,,
157.6275845,-6.210959911,106.7613068,589.6605835,126.7490845,156.7902374,7,ARC-c,2,500 ft < OPS < FL600 in Uncontrolled Airspace → ARC-c,,,6.988958511,,,
158.4040742,-6.211610317,106.7621841,594.3231201,126.6411972,156.7866211,7,ARC-c,2,500 ft < OPS < FL600 in Uncontrolled Airspace → ARC-c,,,6.99006266,,,
159.1925037,-6.212274551,106.7630768,598.6245117,126.5552673,156.8173676,7,ARC-c,2,500 ft < OPS < FL600 in Uncontrolled Airspace → ARC-c,,,6.991056394,,,
159.8389134,-6.212816238,106.7638168,601.3840332,126.4814529,156.8895111,7,ARC-c,2,500 ft < OPS < FL600 in Uncontrolled Airspace → ARC-c,,,6.991950755,,,
160.6205225,-6.213466167,106.7647018,603.99823,126.3835449,157.0153656,6,ARC-c,2,500 ft < OPS < FL600 in Uncontrolled Airspace → ARC-c,,,6.892755679,,,
161.4034591,-6.214121819,106.7655945,606.1447144,126.2832642,157.1690216,7,ARC-c,2,500 ft < OPS < FL600 in Uncontrolled Airspace → ARC-c,,,6.903480111,,,
162.156455,-6.214756966,106.7664642,607.7912598,126.217598,157.339325,7,ARC-c,2,500 ft < OPS < FL600 in Uncontrolled Airspace → ARC-c,,,6.9131321,,,
162.9293971,-6.215401649,106.7673492,609.0439453,126.135498,157.5356598,7,ARC-c,2,500 ft < OPS < FL600 in Uncontrolled Airspace → ARC-c,,,6.92181889,,,
163.7474582,-6.216082573,106.7682877,609.8582764,125.9985657,157.7697601,6,ARC-c,2,500 ft < OPS < FL600 in Uncontrolled Airspace → ARC-c,,,6.829637001,,,
164.5304019,-6.216732025,106.7691879,610.9754639,125.8511047,157.9575806,7,ARC-c,2,500 ft < OPS < FL600 in Uncontrolled Airspace → ARC-c,,,6.846673301,,,
165.3103168,-6.217379093,106.7700958,613.4902344,125.6178436,158.0476532,7,ARC-c,2,500 ft < OPS < FL600 in Uncontrolled Airspace → ARC-c,,,6.862005971,,,
166.0897365,-6.218035698,106.7710114,618.3040771,125.3872375,158.0025787,7,ARC-c,2,500 ft < OPS < FL600 in Uncontrolled Airspace → ARC-c,,,6.875805374,,,
166.726836,-6.218554497,106.7717514,622.5332031,125.2313309,157.9554138,7,ARC-c,2,500 ft < OPS < FL600 in Uncontrolled Airspace → ARC-c,,,6.888224836,,,
167.4954019,-6.219184399,106.7726517,627.5310059,124.9570465,157.9030914,7,ARC-c,2,500 ft < OPS < FL600 in Uncontrolled Airspace → ARC-c,,,6.899402353,,,
168.2537773,-6.219792366,106.7735367,632.3447266,124.6816254,157.8596649,7,ARC-c,2,500 ft < OPS < FL600 in Uncontrolled Airspace → ARC-c,,,6.909462118,,,
169.0598593,-6.220438957,106.7744751,637.1819458,124.4330597,157.8351898,7,ARC-c,2,500 ft < OPS < FL600 in Uncontrolled Airspace → ARC-c,,,6.918515906,,,
169.8865867,-6.221095562,106.7754517,641.6012573,124.1474915,157.8435516,7,ARC-c,2,500 ft < OPS < FL600 in Uncontrolled Airspace → ARC-c,,,6.926664315,,,
170.5726559,-6.221644878,106.776268,645.3415527,123.8401489,157.836792,7,ARC-c,2,500 ft < OPS < FL600 in Uncontrolled Airspace → ARC-c,,,6.933997884,,,
171.3856151,-6.222285271,106.7772293,651.7755127,123.554985,157.6994476,7,ARC-c,2,500 ft < OPS < FL600 in Uncontrolled Airspace → ARC-c,,,6.940598095,,,
172.1426618,-6.222876072,106.7781296,658.9294434,123.4122772,157.5179596,7,ARC-c,2,500 ft < OPS < FL600 in Uncontrolled Airspace → ARC-c,,,6.946538286,,,
172.9217453,-6.22348547,106.7790527,665.7319946,123.2806702,157.369873,7,ARC-c,2,500 ft < OPS < FL600 in Uncontrolled Airspace → ARC-c,,,6.951884457,,,
173.6890402,-6.224080563,106.7799683,672.6056519,123.1727142,157.2128906,8,ARC-c,2,500 ft < OPS < FL600 in Uncontrolled Airspace → ARC-c,,,7.056696011,,,
174.3206389,-6.22456789,106.7807159,678.3287964,123.0921478,157.0826874,8,ARC-c,2,500 ft < OPS < FL600 in Uncontrolled Airspace → ARC-c,,,7.15102641,,,
174.9649074,-6.225060463,106.7814789,684.1599121,123.0231857,156.9520721,8,ARC-c,2,500 ft < OPS < FL600 in Uncontrolled Airspace → ARC-c,,,7.235923769,,,
175.747416,-6.225659847,106.782402,691.1192627,122.9403,156.8033905,7,ARC-c,2,500 ft < OPS < FL600 in Uncontrolled Airspace → ARC-c,,,7.212331392,,,
176.5199172,-6.226253033,106.7833176,698.9290161,122.8616104,156.5956421,7,ARC-c,2,500 ft < OPS < FL600 in Uncontrolled Airspace → ARC-c,,,7.191098253,,,
177.3165379,-6.226845741,106.7842484,706.2362061,122.8074112,156.4446869,7,ARC-c,2,500 ft < OPS < FL600 in Uncontrolled Airspace → ARC-c,,,7.171988428,,,
177.961036,-6.227351665,106.7850266,710.3704834,122.7618942,156.4438477,7,ARC-c,2,500 ft < OPS < FL600 in Uncontrolled Airspace → ARC-c,,,7.154789585,,,
178.754226,-6.227949142,106.7859573,713.8035889,122.6993713,156.5299835,7,ARC-c,2,500 ft < OPS < FL600 in Uncontrolled Airspace → ARC-c,,,7.139310627,,,
179.4374039,-6.228473186,106.7867813,716.2418823,122.6433105,156.6386108,7,ARC-c,2,500 ft < OPS < FL600 in Uncontrolled Airspace → ARC-c,,,7.125379564,,,
180.2476568,-6.228972912,106.7876053,718.6187134,122.5681763,156.7747955,7,ARC-c,2,500 ft < OPS < FL600 in Uncontrolled Airspace → ARC-c,,,7.112841607,,,
181.0107672,-6.229696751,106.7886963,721.1420288,122.4506683,156.9268036,7,ARC-c,2,500 ft < OPS < FL600 in Uncontrolled Airspace → ARC-c,,,7.101557447,,,
181.6523077,-6.230182171,106.7894669,723.4874268,122.3302536,157.0056,7,ARC-c,2,500 ft < OPS < FL600 in Uncontrolled Airspace → ARC-c,,,7.091401702,,,
182.2977364,-6.230666637,106.7902374,726.5326538,122.1941528,157.0441895,7,ARC-c,2,500 ft < OPS < FL600 in Uncontrolled Airspace → ARC-c,,,7.082261532,,,
182.9394298,-6.231168747,106.7910385,730.2090454,122.0598831,157.0527191,7,ARC-c,2,500 ft < OPS < FL600 in Uncontrolled Airspace → ARC-c,,,7.074035379,,,
183.5805771,-6.231650352,106.7918091,734.0523682,121.9030075,157.0409546,7,ARC-c,2,500 ft < OPS < FL600 in Uncontrolled Airspace → ARC-c,,,7.066631841,,,
184.3968174,-6.232255936,106.7927933,739.27771,121.7479477,157.012619,7,ARC-c,2,500 ft < OPS < FL600 in Uncontrolled Airspace → ARC-c,,,7.059968657,,,
185.1526332,-6.232820034,106.7936935,742.6986084,121.5733414,157.0751801,7,ARC-c,2,500 ft < OPS < FL600 in Uncontrolled Airspace → ARC-c,,,7.053971791,,,
185.8013184,-6.233292103,106.794487,745.3060913,121.4006119,157.1448669,7,ARC-c,2,500 ft < OPS < FL600 in Uncontrolled Airspace → ARC-c,,,7.048574612,,,
186.568557,-6.23385334,106.7954178,748.7084351,121.1815338,157.2020569,7,ARC-c,2,500 ft < OPS < FL600 in Uncontrolled Airspace → ARC-c,,,7.043717151,,,
187.3436968,-6.234419823,106.7963562,752.6571045,120.988205,157.2303925,7,ARC-c,2,500 ft < OPS < FL600 in Uncontrolled Airspace → ARC-c,,,7.039345436,,,
188.1207736,-6.234983444,106.7973022,756.4503174,120.8403397,157.2688904,7,ARC-c,2,500 ft < OPS < FL600 in Uncontrolled Airspace → ARC-c,,,7.035410892,,,
188.887861,-6.235545158,106.7982483,760.2601318,120.7255554,157.3035126,6,ARC-c,2,500 ft < OPS < FL600 in Uncontrolled Airspace → ARC-c,,,6.931869803,,,
189.5353961,-6.236008167,106.7990341,763.4454956,120.6242371,157.3322754,6,ARC-c,2,500 ft < OPS < FL600 in Uncontrolled Airspace → ARC-c,,,6.838682823,,,
190.1843395,-6.236475945,106.7998276,766.5411987,120.5436096,157.3682404,7,ARC-c,2,500 ft < OPS < FL600 in Uncontrolled Airspace → ARC-c,,,6.85481454,,,
190.9997978,-6.237061501,106.8008194,769.9445801,120.45401,157.4426422,7,ARC-c,2,500 ft < OPS < FL600 in Uncontrolled Airspace → ARC-c,,,6.869333086,,,
191.755434,-6.237603664,106.8017502,772.8201294,120.4027328,157.5264282,7,ARC-c,2,500 ft < OPS < FL600 in Uncontrolled Airspace → ARC-c,,,6.882399778,,,
192.5296185,-6.23815918,106.8026962,775.5274048,120.3815002,157.6257629,7,ARC-c,2,500 ft < OPS < FL600 in Uncontrolled Airspace → ARC-c,,,6.8941598,,,
193.3465297,-6.238744736,106.8036957,777.8569946,120.3915863,157.7612915,7,ARC-c,2,500 ft < OPS < FL600 in Uncontrolled Airspace → ARC-c,,,6.90474382,,,
193.9934127,-6.239203453,106.8044815,779.2349854,120.4273376,157.8917694,7,ARC-c,2,500 ft < OPS < FL600 in Uncontrolled Airspace → ARC-c,,,6.914269438,,,
194.7764189,-6.239781857,106.8054581,781.0401611,120.4858932,158.0386658,7,ARC-c,2,500 ft < OPS < FL600 in Uncontrolled Airspace → ARC-c,,,6.922842494,,,
195.5504134,-6.240341663,106.8064117,783.2470703,120.513588,158.1533661,7,ARC-c,2,500 ft < OPS < FL600 in Uncontrolled Airspace → ARC-c,,,6.930558245,,,
196.3313928,-6.240904808,106.8073654,785.4397583,120.5099106,158.2702942,7,ARC-c,2,500 ft < OPS < FL600 in Uncontrolled Airspace → ARC-c,,,6.93750242,,,
197.1763797,-6.241514683,106.8084106,787.4793091,120.4936981,158.4194946,7,ARC-c,2,500 ft < OPS < FL600 in Uncontrolled Airspace → ARC-c,,,6.943752178,,,
197.9462585,-6.242074013,106.8093567,787.0407104,120.4678116,158.6956024,7,ARC-c,2,500 ft < OPS < FL600 in Uncontrolled Airspace → ARC-c,,,6.94937696,,,
198.726891,-6.242637634,106.8103256,784.8793335,120.4161301,159.0693359,7,ARC-c,2,500 ft < OPS < FL600 in Uncontrolled Airspace → ARC-c,,,6.954439264,,,
199.3735211,-6.243104935,106.8111191,782.3684082,120.3762207,159.4174957,7,ARC-c,2,500 ft < OPS < FL600 in Uncontrolled Airspace → ARC-c,,,6.958995338,,,
200.1576185,-6.243673325,106.8120956,778.3646851,120.2706223,159.8803406,7,ARC-c,2,500 ft < OPS < FL600 in Uncontrolled Airspace → ARC-c,,,6.963095804,,,
200.9233637,-6.24422884,106.8130493,774.796936,120.1791916,160.3005829,7,ARC-c,2,500 ft < OPS < FL600 in Uncontrolled Airspace → ARC-c,,,6.966786224,,,
201.6913545,-6.244784355,106.8140106,771.456665,120.0665741,160.6987152,7,ARC-c,2,500 ft < OPS < FL600 in Uncontrolled Airspace → ARC-c,,,6.970107601,,,
202.4595637,-6.245340824,106.8149796,767.0979614,119.9629364,161.1547699,7,ARC-c,2,500 ft < OPS < FL600 in Uncontrolled Airspace → ARC-c,,,6.973096841,,,
203.2591538,-6.245924473,106.8159943,761.9621582,119.8329849,161.6389465,7,ARC-c,2,500 ft < OPS < FL600 in Uncontrolled Airspace → ARC-c,,,6.975787157,,,
204.0718546,-6.246513844,106.8170242,758.0408936,119.7161636,162.0392914,7,ARC-c,2,500 ft < OPS < FL600 in Uncontrolled Airspace → ARC-c,,,6.978208441,,,
204.8855619,-6.247098446,106.8180542,755.4259033,119.5814438,162.3526917,7,ARC-c,2,500 ft < OPS < FL600 in Uncontrolled Airspace → ARC-c,,,6.980387597,,,
205.7185087,-6.2476964,106.8191223,753.6813354,119.4520493,162.6157684,7,ARC-c,2,500 ft < OPS < FL600 in Uncontrolled Airspace → ARC-c,,,6.982348838,,,
206.5117288,-6.248268127,106.820137,751.4728394,119.3450394,162.8963928,7,ARC-c,2,500 ft < OPS < FL600 in Uncontrolled Airspace → ARC-c,,,6.984113954,,,
207.3202391,-6.248845577,106.8211746,748.8147583,119.254303,163.1985168,7,ARC-c,2,500 ft < OPS < FL600 in Uncontrolled Airspace → ARC-c,,,6.985702558,,,
208.0944908,-6.249399185,106.8221664,745.7709351,119.1749802,163.5077515,7,ARC-c,2,500 ft < OPS < FL600 in Uncontrolled Airspace → ARC-c,,,6.987132303,,,
208.8794737,-6.249961853,106.8231812,742.5598755,119.1251144,163.8199768,7,ARC-c,2,500 ft < OPS < FL600 in Uncontrolled Airspace → ARC-c,,,6.988419072,,,
209.6733789,-6.250533581,106.8242111,739.1356812,119.0483627,164.1426697,7,ARC-c,2,500 ft < OPS < FL600 in Uncontrolled Airspace → ARC-c,,,6.989577165,,,
210.4733853,-6.251107693,106.8252563,734.184082,118.96521,164.5473328,7,ARC-c,2,500 ft < OPS < FL600 in Uncontrolled Airspace → ARC-c,,,6.990619449,,,
211.2713308,-6.251680851,106.8262939,729.0087891,118.8722916,164.9479065,7,ARC-c,2,500 ft < OPS < FL600 in Uncontrolled Airspace → ARC-c,,,6.991557504,,,
212.0416389,-6.252233505,106.827301,724.6756592,118.7305069,165.2755127,7,ARC-c,2,500 ft < OPS < FL600 in Uncontrolled Airspace → ARC-c,,,6.992401753,,,
212.676528,-6.252686024,106.8281326,722.557373,118.6261978,165.4581757,7,ARC-c,2,500 ft < OPS < FL600 in Uncontrolled Airspace → ARC-c,,,6.993161578,,,
213.4674857,-6.253242493,106.8291626,719.6811523,118.7139969,165.7079926,7,ARC-c,2,500 ft < OPS < FL600 in Uncontrolled Airspace → ARC-c,,,6.99384542,,,
214.2782834,-6.253817081,106.8302231,713.2761841,119.2232285,166.1523895,7,ARC-c,2,500 ft < OPS < FL600 in Uncontrolled Airspace → ARC-c,,,6.994460878,,,
214.9236324,-6.254284382,106.8310776,704.8188477,119.1499939,166.6871948,7,ARC-c,2,500 ft < OPS < FL600 in Uncontrolled Airspace → ARC-c,,,6.99501479,,,
215.583359,-6.254757404,106.8319473,693.5612793,119.0540466,167.3760681,7,ARC-c,2,500 ft < OPS < FL600 in Uncontrolled Airspace → ARC-c,,,6.995513311,,,
216.372448,-6.255330086,106.8329849,678.0641479,119.0498734,168.2975769,7,ARC-c,2,500 ft < OPS < FL600 in Uncontrolled Airspace → ARC-c,,,6.99596198,,,
217.2010655,-6.255936146,106.8340912,659.6276245,119.0656281,169.3593445,7,ARC-c,2,500 ft < OPS < FL600 in Uncontrolled Airspace → ARC-c,,,6.996365782,,,
218.017555,-6.256532669,106.8351669,639.8235474,119.0607529,170.4599762,7,ARC-c,2,500 ft < OPS < FL600 in Uncontrolled Airspace → ARC-c,,,6.996729204,,,
218.8203156,-6.257126808,106.8362427,620.7036743,119.1052704,171.4835358,7,ARC-c,2,500 ft < OPS < FL600 in Uncontrolled Airspace → ARC-c,,,6.997056284,,,
219.4623423,-6.257603168,106.8371048,605.5111694,119.1193771,172.2784576,7,ARC-c,2,500 ft < OPS < FL600 in Uncontrolled Airspace → ARC-c,,,6.997350655,,,
220.257262,-6.258196354,106.8381729,585.6340942,119.1707687,173.2911224,7,ARC-c,2,500 ft < OPS < FL600 in Uncontrolled Airspace → ARC-c,,,6.99761559,,,
221.0850136,-6.258820057,106.8393021,564.5984497,119.2360382,174.3216858,7,ARC-c,2,500 ft < OPS < FL600 in Uncontrolled Airspace → ARC-c,,,6.997854031,,,
221.8903461,-6.259431362,106.8403931,545.069458,119.2874298,175.2414246,7,ARC-c,2,500 ft < OPS < FL600 in Uncontrolled Airspace → ARC-c,,,6.998068628,,,
222.6603622,-6.260025024,106.8414536,526.9248047,119.3096542,176.0578156,7,ARC-c,2,500 ft < OPS < FL600 in Uncontrolled Airspace → ARC-c,,,6.998261765,,,
223.4652379,-6.260644913,106.8425598,508.5220947,119.3442459,176.8600464,7,ARC-c,2,500 ft < OPS < FL600 in Uncontrolled Airspace → ARC-c,,,6.998435588,,,
224.2390442,-6.261245728,106.8436356,491.3684692,119.3350677,177.5681152,7,ARC-c,2,500 ft < OPS < FL600 in Uncontrolled Airspace → ARC-c,,,6.99859203,,,
225.048146,-6.261875629,106.8447571,474.2765503,119.3047791,178.2444763,7,ARC-c,2,500 ft < OPS < FL600 in Uncontrolled Airspace → ARC-c,,,6.998732827,,,
225.8504992,-6.262499332,106.845871,458.0430298,119.2542877,178.8546448,7,ARC-c,2,500 ft < OPS < FL600 in Uncontrolled Airspace → ARC-c,,,6.998859544,,,
226.4893413,-6.263000011,106.8467712,445.3647461,119.2039108,179.3121185,7,ARC-c,2,500 ft < OPS < FL600 in Uncontrolled Airspace → ARC-c,,,6.99897359,,,
227.302537,-6.263637066,106.8479156,427.4888916,119.1414795,179.9728088,7,ARC-c,2,500 ft < OPS < FL600 in Uncontrolled Airspace → ARC-c,,,6.999076231,,,
228.063369,-6.264230728,106.8489914,409.2463684,119.0165558,180.6506348,7,ARC-c,2,500 ft < OPS < FL600 in Uncontrolled Airspace → ARC-c,,,6.999168608,,,
228.7225952,-6.264742851,106.8499222,393.5122681,118.9421234,180.7634888,7,ARC-c,2,500 ft < OPS < FL600 in Uncontrolled Airspace → ARC-c,,,6.999251747,,,
229.5158021,-6.265357494,106.8510437,372.8439941,118.8109055,179.9247131,7,ARC-c,2,500 ft < OPS < FL600 in Uncontrolled Airspace → ARC-c,,,6.999326572,,,
230.3093562,-6.265964508,106.8521576,350.8373413,118.6440125,178.5002136,7,ARC-c,2,500 ft < OPS < FL600 in Uncontrolled Airspace → ARC-c,,,6.999393915,,,
231.0985186,-6.266557693,106.8532562,328.0171814,118.4078217,175.9699097,7,ARC-c,2,500 ft < OPS < FL600 in Uncontrolled Airspace → ARC-c,,,6.999454523,,,
231.9003704,-6.267132282,106.8543396,305.4559021,118.0644608,173.4898834,7,ARC-d,3,Inside Halim (treated as Class C) → ARC-d,,,6.999509071,,,
232.6774151,-6.267687321,106.8554077,283.6976013,117.6788559,170.8561707,7,ARC-d,3,Inside Halim (treated as Class C) → ARC-d,,,6.999558164,,,
233.3253791,-6.268138409,106.8562775,266.2354736,117.2786484,168.6594391,7,ARC-d,3,Inside Halim (treated as Class C) → ARC-d,,,6.999602348,,,
233.9718766,-6.268573761,106.8571396,249.8762817,116.7550278,166.4344025,7,ARC-d,3,Inside Halim (treated as Class C) → ARC-d,,,6.999642113,,,
234.6364646,-6.269009113,106.858017,234.5982208,116.1357193,164.132431,7,ARC-d,3,Inside Halim (treated as Class C) → ARC-d,,,6.999677902,,,
235.4131777,-6.269508362,106.8590622,218.3404541,114.9725418,161.4228058,7,ARC-d,3,Inside Halim (treated as Class C) → ARC-d,,,6.999710111,,,
236.1795905,-6.269968033,106.8600616,202.7627411,113.6005096,158.8466797,7,ARC-d,3,Inside Halim (treated as Class C) → ARC-d,,,6.9997391,,,
236.9781983,-6.270411015,106.8610992,187.6177063,112.7189178,156.2312622,7,ARC-d,3,Inside Halim (treated as Class C) → ARC-d,,,6.99976519,,,
237.6211841,-6.270745277,106.8619308,175.3061523,111.9612198,154.2331085,7,ARC-d,3,Inside Halim (treated as Class C) → ARC-d,,,6.999788671,,,
238.3921487,-6.271127701,106.8629303,160.9148102,110.3279648,151.8678741,7,ARC-d,3,Inside Halim (treated as Class C) → ARC-d,,,6.999809804,,,
239.1798387,-6.271477699,106.8639374,148.3521423,108.6393127,149.4580994,7,ARC-d,3,Inside Halim (treated as Class C) → ARC-d,,,6.999828824,,,
239.9655085,-6.271792889,106.8649368,137.7677765,107.2368851,147.0550842,7,ARC-d,3,Inside Halim (treated as Class C) → ARC-d,,,6.999845941,,,
240.599705,-6.272027016,106.8657379,129.5332642,106.1555481,145.1701965,7,ARC-d,3,Inside Halim (treated as Class C) → ARC-d,,,6.999861347,,,
241.3944578,-6.272295952,106.8667297,119.7283478,104.6547928,142.8747406,7,ARC-d,3,Inside Halim (treated as Class C) → ARC-d,,,6.999875212,,,
242.1573415,-6.272527218,106.8676758,111.3015594,103.133461,140.7001801,7,ARC-d,3,Inside Halim (treated as Class C) → ARC-d,,,6.999887691,,,
242.9419484,-6.27273798,106.8686371,103.2350998,101.305275,138.5190887,7,ARC-d,3,Inside Halim (treated as Class C) → ARC-d,,,6.999898922,,,
243.7110524,-6.272919178,106.8695755,94.91091919,95.4644165,136.3823395,7,ARC-d,3,Inside Halim (treated as Class C) → ARC-d,,,6.99990903,,,
244.4830739,-6.273038864,106.8705139,89.32108307,91.36248016,133.6235199,7,ARC-d,3,Inside Halim (treated as Class C) → ARC-d,,,6.999918127,,,
245.2672691,-6.273095608,106.8714294,83.8731308,92.66916656,131.5457306,7,ARC-d,3,Inside Halim (treated as Class C) → ARC-d,,,6.999926314,,,
246.0278716,-6.273134232,106.872345,75.51720428,90.77619171,129.825882,7,ARC-d,3,Inside Halim (treated as Class C) → ARC-d,,,6.999933683,,,
246.7980926,-6.273147583,106.8732376,66.01332092,84.48059082,128.0124359,7,ARC-d,3,Inside Halim (treated as Class C) → ARC-d,,,6.999940315,,,
247.4363363,-6.273116112,106.87397,60.75689697,81.4167099,126.2792053,7,ARC-d,3,Inside Halim (treated as Class C) → ARC-d,,,6.999946283,,,
248.2282944,-6.27302599,106.8748627,56.43399048,80.33063507,124.1855927,7,ARC-d,3,Inside Halim (treated as Class C) → ARC-d,,,6.999951655,,,
249.0065238,-6.272903442,106.8757172,51.26824188,78.52271271,122.4096909,7,ARC-d,3,Inside Halim (treated as Class C) → ARC-d,,,6.999956489,,,
249.8072276,-6.272751808,106.8765793,45.00658417,72.98342896,120.5720673,7,ARC-d,3,Inside Halim (treated as Class C) → ARC-d,,,6.99996084,,,
250.4384015,-6.272600174,106.877243,41.82571411,69.16979218,118.8100204,6,ARC-d,3,Inside Halim (treated as Class C) → ARC-d,,,6.899964756,,,
251.2324021,-6.272372246,106.8780365,39.50664139,68.57545471,116.7172928,6,ARC-d,3,Inside Halim (treated as Class C) → ARC-d,,,6.809968281,,,
251.8689811,-6.272155285,106.8786926,36.48804855,68.8862915,115.3777618,6,ARC-d,3,Inside Halim (treated as Class C) → ARC-d,,,6.728971453,,,
252.6358056,-6.271895885,106.8794403,31.95290184,61.36684036,113.5522003,4,ARC-d,3,Inside Halim (treated as Class C) → ARC-d,,,6.456074307,,,
253.3964579,-6.271615982,106.8801575,29.44405746,61.90802002,111.6115875,6,ARC-d,3,Inside Halim (treated as Class C) → ARC-d,,,6.410466877,,,
254.0292654,-6.271369934,106.8807449,27.66932297,60.15044785,110.1654739,6,ARC-d,3,Inside Halim (treated as Class C) → ARC-d,,,6.369420189,,,
254.8289194,-6.271048069,106.8814468,26.5307312,61.60589981,108.0346298,6,ARC-d,3,Inside Halim (treated as Class C) → ARC-d,,,6.33247817,,,
255.5963092,-6.270708561,106.8821259,26.78549004,62.44550705,106.4123306,6,ARC-d,3,Inside Halim (treated as Class C) → ARC-d,,,6.299230353,,,
256.2624657,-6.270423889,106.8826981,26.62087631,62.36989594,104.9888687,6,ARC-d,3,Inside Halim (treated as Class C) → ARC-d,,,6.269307318,,,
256.9093349,-6.270157337,106.8832245,26.53819847,62.95534515,103.6565247,3,ARC-d,3,Inside Halim (treated as Class C) → ARC-d,,,5.942376586,,,
257.6934991,-6.269820213,106.8838882,26.42720222,63.36239243,102.01577,3,ARC-d,3,Inside Halim (treated as Class C) → ARC-d,,,5.648138927,,,
258.4697638,-6.269504547,106.8845215,26.36544991,65.74674988,100.3279037,3,ARC-d,3,Inside Halim (treated as Class C) → ARC-d,,,5.383325035,,,
259.2358096,-6.269208431,106.8851471,26.50311089,64.57978821,98.71539307,4,ARC-d,3,Inside Halim (treated as Class C) → ARC-d,,,5.244992531,,,
259.8694828,-6.268972397,106.8856506,26.47967529,67.28601074,97.37671661,3,ARC-d,3,Inside Halim (treated as Class C) → ARC-d,,,5.020493278,,,
260.6459661,-6.2687006,106.8862762,25.91884804,68.658638,95.76700592,4,ARC-d,3,Inside Halim (treated as Class C) → ARC-d,,,4.91844395,,,
261.4358277,-6.268446445,106.8869095,25.49961853,67.75708008,94.24143219,3,ARC-d,3,Inside Halim (treated as Class C) → ARC-d,,,4.726599555,,,
262.2115602,-6.268199921,106.8875122,25.49772263,67.63208771,92.73402405,3,ARC-d,3,Inside Halim (treated as Class C) → ARC-d,,,4.5539396,,,
263.0106432,-6.267950058,106.8881302,25.50177193,67.37812042,91.17831421,3,ARC-d,3,Inside Halim (treated as Class C) → ARC-d,,,4.39854564,,,
263.7820013,-6.267709255,106.88871,25.51011086,67.00509644,89.71591187,6,ARC-d,3,Inside Halim (treated as Class C) → ARC-d,,,4.558691076,,,
264.5735948,-6.267461777,106.8892975,25.50542259,66.48010254,88.23882294,6,ARC-d,3,Inside Halim (treated as Class C) → ARC-d,,,4.702821968,,,
265.3442819,-6.267220974,106.8898621,25.49758911,65.975914,86.84427643,3,ARC-d,3,Inside Halim (treated as Class C) → ARC-d,,,4.532539771,,,
266.117939,-6.266978741,106.8904114,25.70039558,65.45941925,85.47541046,3,ARC-d,3,Inside Halim (treated as Class C) → ARC-d,,,4.379285794,,,
266.8993764,-6.266738415,106.8909454,25.54536819,64.94422913,84.17124176,3,ARC-d,3,Inside Halim (treated as Class C) → ARC-d,,,4.241357215,,,
267.668725,-6.266489506,106.8914871,25.40846634,64.4119873,82.90039825,3,ARC-d,3,Inside Halim (treated as Class C) → ARC-d,,,4.117221493,,,
268.4396651,-6.266244888,106.8919983,25.704813,63.97985458,81.6321106,5,ARC-d,3,Inside Halim (treated as Class C) → ARC-d,,,4.205499344,,,
269.2186937,-6.265997887,106.8925171,26.03361511,63.64645004,80.39326477,3,ARC-d,3,Inside Halim (treated as Class C) → ARC-d,,,4.08494941,,,
270.0243006,-6.265742302,106.8930359,26.33852577,63.8711853,79.13912964,3,ARC-d,3,Inside Halim (treated as Class C) → ARC-d,,,3.976454469,,,
270.7944057,-6.265506268,106.8935242,26.64131355,65.43030548,76.42073822,3,ARC-d,3,Inside Halim (treated as Class C) → ARC-d,,,3.878809022,,,
271.5787268,-6.265284538,106.8940048,26.92873955,66.39749146,72.23163605,3,ARC-d,3,Inside Halim (treated as Class C) → ARC-d,,,3.79092812,,,
272.2021329,-6.265123367,106.894371,27.14584923,66.61508942,69.02962494,4,ARC-d,3,Inside Halim (treated as Class C) → ARC-d,,,3.811835308,,,
273.0105255,-6.264931202,106.8948135,27.41300201,65.90923309,64.95771027,4,ARC-d,3,Inside Halim (treated as Class C) → ARC-d,,,3.830651777,,,
273.7754822,-6.264750957,106.8952179,27.37325859,64.94717407,61.47787476,4,ARC-d,3,Inside Halim (treated as Class C) → ARC-d,,,3.847586599,,,
274.5662775,-6.26457119,106.895607,27.26362801,64.21405029,57.83133316,3,ARC-d,3,Inside Halim (treated as Class C) → ARC-d,,,3.762827939,,,
275.3656793,-6.264396191,106.8959732,27.14652061,63.73323059,54.18185806,3,ARC-d,3,Inside Halim (treated as Class C) → ARC-d,,,3.686545145,,,
276.1448061,-6.264234543,106.8963089,27.32245255,64.02618408,50.7226944,4,ARC-d,3,Inside Halim (treated as Class C) → ARC-d,,,3.717890631,,,
276.9431715,-6.264084339,106.8966217,27.50108719,64.81620026,47.0656395,4,ARC-d,3,Inside Halim (treated as Class C) → ARC-d,,,3.746101568,,,
277.715044,-6.263946056,106.8969116,27.66305923,65.52167511,43.55437851,4,ARC-d,3,Inside Halim (treated as Class C) → ARC-d,,,3.771491411,,,
278.3408413,-6.263846874,106.8971252,27.79561424,65.98442841,40.7625351,4,ARC-d,3,Inside Halim (treated as Class C) → ARC-d,,,3.79434227,,,
279.1259441,-6.263733387,106.8973846,27.74957657,66.21110535,37.4800148,5,ARC-d,3,Inside Halim (treated as Class C) → ARC-d,,,3.914908043,,,
279.891634,-6.263632298,106.8976135,27.69258881,66.07936859,34.1952858,5,ARC-d,3,Inside Halim (treated as Class C) → ARC-d,,,4.023417239,,,
280.6548998,-6.263540745,106.8978195,27.63329315,64.93351746,30.99335861,5,ARC-d,3,Inside Halim (treated as Class C) → ARC-d,,,4.121075515,,,
281.4491689,-6.26345253,106.8980026,27.58429718,63.32200241,27.65224838,6,ARC-d,3,Inside Halim (treated as Class C) → ARC-d,,,4.308967963,,,
282.2513428,-6.263366222,106.8981781,27.52744484,61.33958817,24.30990219,6,ARC-d,3,Inside Halim (treated as Class C) → ARC-d,,,4.478071167,,,
283.0474064,-6.263293743,106.8983231,27.51271057,68.74281311,21.02479744,6,ARC-d,3,Inside Halim (treated as Class C) → ARC-d,,,4.63026405,,,
283.8475418,-6.263242722,106.8984528,27.52099609,73.12133026,18.00862694,6,ARC-d,3,Inside Halim (treated as Class C) → ARC-d,,,4.767237645,,,
284.6330914,-6.263206005,106.8985672,27.52786827,69.65769196,14.79590321,6,ARC-d,3,Inside Halim (treated as Class C) → ARC-d,,,4.890513881,,,
285.4173293,-6.263170719,106.8986588,27.52713966,63.14844131,11.6620636,6,ARC-d,3,Inside Halim (treated as Class C) → ARC-d,,,5.001462493,,,
286.174861,-6.263139248,106.8987198,27.51620293,62.0438652,8.571331978,6,ARC-d,3,Inside Halim (treated as Class C) → ARC-d,,,5.101316243,,,
286.9342515,-6.26311636,106.8987656,27.49984741,63.39548492,5.512027264,6,ARC-d,3,Inside Halim (treated as Class C) → ARC-d,,,5.191184619,,,
287.5721476,-6.263104916,106.8987885,27.49629784,63.52673721,2.942827225,6,ARC-d,3,Inside Halim (treated as Class C) → ARC-d,,,5.272066157,,,
288.2054546,-6.263100147,106.8987961,27.4895134,63.48859406,0.892544687,6,ARC-d,3,Inside Halim (treated as Class C) → ARC-d,,,5.344859541,,,
288.9971991,-6.26309967,106.8987961,27.48641968,63.48445892,0.012336737,6,ARC-d,3,Inside Halim (treated as Class C) → ARC-d,,,5.410373587,,,
289.7789392,-6.26309967,106.8987961,27.48792458,63.48674774,0.013497795,6,ARC-d,3,Inside Halim (treated as Class C) → ARC-d,,,5.469336229,,,
290.4189916,-6.26309967,106.8987961,27.48836708,63.48661804,0.007736803,6,ARC-d,3,Inside Halim (treated as Class C) → ARC-d,,,5.522402606,,,
291.202224,-6.26309967,106.8987961,27.48862648,63.4864769,0.002455627,6,ARC-d,3,Inside Halim (treated as Class C) → ARC-d,,,5.570162345,,,
291.9777815,-6.26309967,106.8987961,27.48864746,63.48638535,0.000365881,6,ARC-d,3,Inside Halim (treated as Class C) → ARC-d,,,5.613146111,,,
292.779093,-6.26309967,106.8987961,27.48864555,63.48638535,0.000127888,6,ARC-d,3,Inside Halim (treated as Class C) → ARC-d,,,5.6518315,,,
293.4282928,-6.26309967,106.8987961,27.48864746,63.48638535,3.88E-05,6,ARC-d,3,Inside Halim (treated as Class C) → ARC-d,,,5.68664835,,,
294.2380362,-6.26309967,106.8987961,27.48864937,63.48638535,7.98E-06,6,ARC-d,3,Inside Halim (treated as Class C) → ARC-d,,,5.717983515,,,
295.0282891,-6.26309967,106.8987961,27.48864937,63.48637772,1.99E-05,6,ARC-d,3,Inside Halim (treated as Class C) → ARC-d,,,5.746185163,,,
295.7907925,-6.26309967,106.8987961,27.48864937,63.48637772,1.99E-05,6,ARC-d,3,Inside Halim (treated as Class C) → ARC-d,,,5.771566647,,,
296.5676827,-6.26309967,106.8987961,27.48864937,63.48637772,1.99E-05,6,ARC-d,3,Inside Halim (treated as Class C) → ARC-d,,,5.794409982,,,
297.2043874,-6.26309967,106.8987961,27.48864937,63.48637772,1.99E-05,6,ARC-d,3,Inside Halim (treated as Class C) → ARC-d,,,5.814968984,,,
297.8518426,-6.26309967,106.8987961,27.48864937,63.48637772,1.99E-05,6,ARC-d,3,Inside Halim (treated as Class C) → ARC-d,,,5.833472086,,,
298.4943609,-6.26309967,106.8987961,27.48864937,63.48637772,1.99E-05,6,ARC-d,3,Inside Halim (treated as Class C) → ARC-d,,,5.850124877,,,
299.1270366,-6.26309967,106.8987961,27.48864937,63.48637772,1.99E-05,6,ARC-d,3,Inside Halim (treated as Class C) → ARC-d,,,5.865112389,,,
299.8911207,-6.26309967,106.8987961,27.48864937,63.48637772,1.99E-05,6,ARC-d,3,Inside Halim (treated as Class C) → ARC-d,,,5.87860115,,,
300.5291038,-6.26309967,106.8987961,27.48864937,63.48637772,1.99E-05,6,ARC-d,3,Inside Halim (treated as Class C) → ARC-d,,,5.890741035,,,
301.2011387,-6.26309967,106.8987961,27.48864937,63.48637772,1.99E-05,6,ARC-d,3,Inside Halim (treated as Class C) → ARC-d,,,5.901666932,,,
301.8433716,-6.26309967,106.8987961,27.48864937,63.48637772,1.99E-05,6,ARC-d,3,Inside Halim (treated as Class C) → ARC-d,,,5.911500239,,,
